As:1,As:2,As:3,As:4,As:5,As:5_availability,As:6,As:6_availability,Assignment_Total,Qz:1,Qz:2,Qz:3,Qz:4,Qz:5,Qz:6,Qz:7,Qz:7_availability,Qz:8,Qz:8_availability,Quiz_Total,SI:1,SI:2,SI:2_availability,SI:3,SI:3_availability,SI_Total,SII:1,SII:2,SII:2_availability,SII:3,SII:3_availability,SII_Total,Project_availability,Project_Total,Final:1,Final:2,Final:2_availability,Final:3,Final:3_availability,Final:4,Final:4_availability,Final:5,Final:5_availability,Final_Total
1.86,2.59,2.45,2.43,1.48,1.0,2.35,1.0,13.16,1.4,0.67,0.4,1.6,0.68,1.0,1.5,1.0,2.0,1.0,9.25,6.56,0.0,0.0,0.0,0.0,6.56,2.34,0.0,0.0,0.0,0.0,2.34,0.0,0.0,16.08,0.0,0.0,0.0,0.0,0.0,0.0,0.0,0.0,16.08
1.67,2.91,1.3,2.1,2.01,1.0,2.37,1.0,12.36,1.0,0.93,0.0,2.0,1.4,2.0,1.67,1.0,2.0,1.0,11.0,4.69,0.0,0.0,0.0,0.0,4.69,4.12,0.0,0.0,0.0,0.0,4.12,0.0,0.0,24.07,0.0,0.0,0.0,0.0,0.0,0.0,0.0,0.0,24.07
2.61,2.66,0.0,2.82,2.0,1.0,2.67,1.0,12.76,1.4,0.33,0.2,0.2,0.4,0.4,2.0,1.0,2.0,1.0,6.93,3.56,0.0,0.0,0.0,0.0,3.56,2.44,0.0,0.0,0.0,0.0,2.44,0.0,0.0,14.62,0.0,0.0,0.0,0.0,0.0,0.0,0.0,0.0,14.62
1.41,1.86,0.0,1.32,2.03,1.0,1.67,1.0,8.29,0.6,0.67,0.1,0.0,0.0,0.4,0.5,1.0,2.0,1.0,4.27,6.94,0.0,0.0,0.0,0.0,6.94,3.38,0.0,0.0,0.0,0.0,3.38,0.0,0.0,12.6,0.0,0.0,0.0,0.0,0.0,0.0,0.0,0.0,12.6
2.4,2.87,2.42,2.7,3.0,1.0,3.0,1.0,16.39,2.0,1.4,2.0,2.0,1.3,2.0,1.5,1.0,2.0,1.0,14.2,10.69,0.0,0.0,0.0,0.0,10.69,6.56,0.0,0.0,0.0,0.0,6.56,0.0,0.0,33.63,0.0,0.0,0.0,0.0,0.0,0.0,0.0,0.0,33.63
0.0,2.23,2.03,1.23,1.38,1.0,1.93,1.0,8.8,1.8,0.73,0.3,0.0,1.6,1.6,0.5,1.0,2.0,1.0,8.53,3.94,0.0,0.0,0.0,0.0,3.94,1.5,0.0,0.0,0.0,0.0,1.5,0.0,0.0,17.77,0.0,0.0,0.0,0.0,0.0,0.0,0.0,0.0,17.77
2.72,2.66,2.85,2.37,2.72,1.0,3.0,1.0,16.32,2.0,1.13,1.9,2.0,1.4,1.8,1.67,1.0,2.0,1.0,13.9,8.53,0.0,0.0,0.0,0.0,8.53,5.16,0.0,0.0,0.0,0.0,5.16,0.0,0.0,31.72,0.0,0.0,0.0,0.0,0.0,0.0,0.0,0.0,31.72
0.0,2.01,1.47,1.38,1.27,1.0,2.35,1.0,8.48,0.8,0.8,0.1,0.0,0.2,1.26,0.5,1.0,2.0,1.0,5.66,2.44,0.0,0.0,0.0,0.0,2.44,1.88,0.0,0.0,0.0,0.0,1.88,0.0,0.0,5.96,0.0,0.0,0.0,0.0,0.0,0.0,0.0,0.0,5.96
2.42,2.79,2.25,2.82,2.33,1.0,2.9,1.0,15.51,1.4,1.13,0.0,0.2,0.2,0.8,1.5,1.0,2.0,1.0,7.23,5.25,0.0,0.0,0.0,0.0,5.25,9.1,0.0,0.0,0.0,0.0,9.1,0.0,0.0,26.21,0.0,0.0,0.0,0.0,0.0,0.0,0.0,0.0,26.21
2.61,2.53,1.72,1.98,1.65,1.0,1.63,1.0,12.12,1.8,0.27,0.1,0.0,0.0,0.6,0.33,1.0,2.0,1.0,5.1,3.38,0.0,0.0,0.0,0.0,3.38,1.78,0.0,0.0,0.0,0.0,1.78,0.0,0.0,12.48,0.0,0.0,0.0,0.0,0.0,0.0,0.0,0.0,12.48
0.0,2.81,2.02,1.68,1.55,1.0,2.43,1.0,10.49,1.0,0.87,1.8,2.0,2.0,1.4,1.33,1.0,2.0,1.0,12.4,5.53,0.0,0.0,0.0,0.0,5.53,6.56,0.0,0.0,0.0,0.0,6.56,0.0,0.0,27.22,0.0,0.0,0.0,0.0,0.0,0.0,0.0,0.0,27.22
2.42,2.57,1.32,3.0,2.0,1.0,2.97,1.0,14.28,0.0,0.27,1.1,0.2,0.2,0.6,1.17,1.0,2.0,1.0,5.54,5.81,0.0,0.0,0.0,0.0,5.81,2.34,0.0,0.0,0.0,0.0,2.34,0.0,0.0,18.0,0.0,0.0,0.0,0.0,0.0,0.0,0.0,0.0,18.0
2.12,2.19,0.0,2.1,2.12,1.0,2.4,1.0,10.93,1.0,0.73,0.3,0.2,0.2,0.8,0.17,1.0,2.0,1.0,5.4,6.94,0.0,0.0,0.0,0.0,6.94,6.09,0.0,0.0,0.0,0.0,6.09,0.0,0.0,21.37,0.0,0.0,0.0,0.0,0.0,0.0,0.0,0.0,21.37
2.82,2.34,2.63,2.1,2.25,1.0,2.35,1.0,14.49,1.4,0.73,0.0,0.2,0.2,1.8,0.67,1.0,2.0,1.0,7.0,5.25,0.0,0.0,0.0,0.0,5.25,2.16,0.0,0.0,0.0,0.0,2.16,0.0,0.0,20.58,0.0,0.0,0.0,0.0,0.0,0.0,0.0,0.0,20.58
2.52,0.0,2.52,1.98,2.5,1.0,2.93,1.0,12.45,1.2,0.6,1.2,0.0,0.2,1.4,0.33,1.0,2.0,1.0,6.93,5.62,0.0,0.0,0.0,0.0,5.62,1.88,0.0,0.0,0.0,0.0,1.88,0.0,0.0,21.26,0.0,0.0,0.0,0.0,0.0,0.0,0.0,0.0,21.26
0.0,2.66,2.63,3.0,2.2,1.0,3.0,1.0,13.49,1.6,0.93,0.0,2.0,0.6,1.6,0.67,1.0,2.0,1.0,9.4,5.81,0.0,0.0,0.0,0.0,5.81,5.25,0.0,0.0,0.0,0.0,5.25,0.0,0.0,27.56,0.0,0.0,0.0,0.0,0.0,0.0,0.0,0.0,27.56
0.0,2.72,2.83,3.0,2.4,1.0,1.1,1.0,12.05,2.0,0.53,0.8,2.0,0.6,1.6,0.67,1.0,2.0,1.0,10.2,8.06,0.0,0.0,0.0,0.0,8.06,11.06,0.0,0.0,0.0,0.0,11.06,0.0,0.0,22.16,0.0,0.0,0.0,0.0,0.0,0.0,0.0,0.0,22.16
2.4,0.0,0.0,2.97,2.35,1.0,2.67,1.0,10.39,1.8,0.4,1.9,0.2,0.0,2.0,1.0,1.0,2.0,1.0,9.3,7.12,0.0,0.0,0.0,0.0,7.12,6.94,0.0,0.0,0.0,0.0,6.94,0.0,0.0,29.36,0.0,0.0,0.0,0.0,0.0,0.0,0.0,0.0,29.36
2.38,0.0,2.67,3.0,2.75,1.0,3.0,1.0,13.8,1.6,1.2,2.0,2.0,0.4,2.0,0.95,1.0,2.0,1.0,12.15,11.06,0.0,0.0,0.0,0.0,11.06,7.22,0.0,0.0,0.0,0.0,7.22,0.0,0.0,28.68,0.0,0.0,0.0,0.0,0.0,0.0,0.0,0.0,28.68
1.7,2.29,2.17,2.22,2.25,1.0,1.77,1.0,12.4,0.6,0.27,0.1,0.0,0.2,1.4,0.33,1.0,2.0,1.0,4.9,5.44,0.0,0.0,0.0,0.0,5.44,4.12,0.0,0.0,0.0,0.0,4.12,0.0,0.0,20.02,0.0,0.0,0.0,0.0,0.0,0.0,0.0,0.0,20.02
2.49,1.91,1.67,2.61,2.0,1.0,1.8,1.0,12.48,2.0,0.81,0.8,0.2,0.3,1.6,1.5,1.0,2.0,1.0,9.21,8.06,0.0,0.0,0.0,0.0,8.06,6.38,0.0,0.0,0.0,0.0,6.38,0.0,0.0,20.47,0.0,0.0,0.0,0.0,0.0,0.0,0.0,0.0,20.47
2.47,2.4,2.75,2.82,1.0,1.0,2.17,1.0,13.61,2.0,1.2,1.9,2.0,2.0,1.8,1.67,1.0,2.0,1.0,14.57,10.97,0.0,0.0,0.0,0.0,10.97,8.16,0.0,0.0,0.0,0.0,8.16,0.0,0.0,28.8,0.0,0.0,0.0,0.0,0.0,0.0,0.0,0.0,28.8
2.75,1.8,2.4,2.76,2.7,1.0,2.67,1.0,15.08,1.8,1.07,0.3,0.1,0.6,1.4,1.33,1.0,2.0,1.0,8.6,7.12,0.0,0.0,0.0,0.0,7.12,6.94,0.0,0.0,0.0,0.0,6.94,0.0,0.0,29.92,0.0,0.0,0.0,0.0,0.0,0.0,0.0,0.0,29.92
1.73,0.0,0.0,0.9,2.17,1.0,2.35,1.0,7.15,1.0,0.8,0.2,0.0,0.4,1.26,0.95,1.0,2.0,1.0,6.61,4.69,0.0,0.0,0.0,0.0,4.69,0.75,0.0,0.0,0.0,0.0,0.75,0.0,0.0,6.3,0.0,0.0,0.0,0.0,0.0,0.0,0.0,0.0,6.3
2.38,2.23,2.0,1.26,1.64,1.0,2.63,1.0,12.14,1.8,1.2,0.2,0.0,0.6,1.4,1.5,1.0,2.0,1.0,8.7,7.31,0.0,0.0,0.0,0.0,7.31,5.53,0.0,0.0,0.0,0.0,5.53,0.0,0.0,26.43,0.0,0.0,0.0,0.0,0.0,0.0,0.0,0.0,26.43
1.3,0.0,2.03,1.53,1.48,1.0,2.37,1.0,8.71,1.4,0.4,0.4,0.0,0.4,1.4,0.67,1.0,2.0,1.0,6.67,4.5,0.0,0.0,0.0,0.0,4.5,4.97,0.0,0.0,0.0,0.0,4.97,0.0,0.0,16.08,0.0,0.0,0.0,0.0,0.0,0.0,0.0,0.0,16.08
2.54,2.29,2.35,1.8,1.52,1.0,2.43,1.0,12.93,1.4,1.13,0.2,2.0,1.0,1.0,0.83,1.0,2.0,1.0,9.56,5.06,0.0,0.0,0.0,0.0,5.06,2.44,0.0,0.0,0.0,0.0,2.44,0.0,0.0,19.57,0.0,0.0,0.0,0.0,0.0,0.0,0.0,0.0,19.57
2.05,1.71,1.08,2.01,1.35,1.0,1.63,1.0,9.83,1.2,0.47,0.0,0.0,0.6,0.8,0.5,1.0,2.0,1.0,5.57,4.31,0.0,0.0,0.0,0.0,4.31,1.59,0.0,0.0,0.0,0.0,1.59,0.0,0.0,19.57,0.0,0.0,0.0,0.0,0.0,0.0,0.0,0.0,19.57
2.12,3.0,2.73,2.55,2.03,1.0,2.82,1.0,15.25,1.6,0.93,0.6,0.0,1.6,1.6,0.5,1.0,2.0,1.0,8.83,4.41,0.0,0.0,0.0,0.0,4.41,4.31,0.0,0.0,0.0,0.0,4.31,0.0,0.0,18.0,0.0,0.0,0.0,0.0,0.0,0.0,0.0,0.0,18.0
2.33,2.12,0.0,2.85,2.2,1.0,1.53,1.0,11.03,1.2,1.13,0.1,0.0,0.2,0.8,0.33,1.0,2.0,1.0,5.76,6.56,0.0,0.0,0.0,0.0,6.56,2.91,0.0,0.0,0.0,0.0,2.91,0.0,0.0,10.91,0.0,0.0,0.0,0.0,0.0,0.0,0.0,0.0,10.91
1.43,0.0,1.9,1.8,2.17,1.0,2.23,1.0,9.53,0.0,1.33,0.0,0.2,0.6,0.0,1.0,1.0,2.0,1.0,5.13,3.38,0.0,0.0,0.0,0.0,3.38,1.59,0.0,0.0,0.0,0.0,1.59,0.0,0.0,12.48,0.0,0.0,0.0,0.0,0.0,0.0,0.0,0.0,12.48
1.94,2.19,1.48,1.68,2.0,1.0,1.6,1.0,10.89,0.8,0.93,0.2,0.0,1.8,1.2,1.17,1.0,2.0,1.0,8.1,5.25,0.0,0.0,0.0,0.0,5.25,1.5,0.0,0.0,0.0,0.0,1.5,0.0,0.0,16.31,0.0,0.0,0.0,0.0,0.0,0.0,0.0,0.0,16.31
2.88,2.57,2.8,2.43,2.75,1.0,2.87,1.0,16.3,1.8,0.8,0.0,0.0,0.6,1.0,0.33,1.0,2.0,1.0,6.53,8.06,0.0,0.0,0.0,0.0,8.06,4.31,0.0,0.0,0.0,0.0,4.31,0.0,0.0,22.83,0.0,0.0,0.0,0.0,0.0,0.0,0.0,0.0,22.83
2.24,0.0,1.67,2.46,1.8,1.0,2.35,1.0,10.52,0.0,0.6,0.0,0.0,0.6,1.26,0.95,1.0,2.0,1.0,5.41,4.41,0.0,0.0,0.0,0.0,4.41,1.41,0.0,0.0,0.0,0.0,1.41,0.0,0.0,6.52,0.0,0.0,0.0,0.0,0.0,0.0,0.0,0.0,6.52
2.52,2.44,2.37,2.82,2.88,1.0,2.55,1.0,15.58,0.8,0.67,0.2,2.0,0.4,0.0,1.17,1.0,2.0,1.0,7.24,10.69,0.0,0.0,0.0,0.0,10.69,8.62,0.0,0.0,0.0,0.0,8.62,0.0,0.0,26.66,0.0,0.0,0.0,0.0,0.0,0.0,0.0,0.0,26.66
2.31,2.44,2.43,2.52,2.92,1.0,2.66,1.0,15.28,2.0,0.8,2.0,2.0,0.4,2.0,2.0,1.0,2.0,1.0,13.2,8.25,0.0,0.0,0.0,0.0,8.25,10.5,0.0,0.0,0.0,0.0,10.5,0.0,0.0,31.83,0.0,0.0,0.0,0.0,0.0,0.0,0.0,0.0,31.83
1.64,2.91,2.76,2.82,2.17,1.0,2.06,1.0,14.36,1.2,0.53,0.2,0.4,0.0,0.0,1.17,1.0,2.0,1.0,5.5,5.62,0.0,0.0,0.0,0.0,5.62,4.69,0.0,0.0,0.0,0.0,4.69,0.0,0.0,22.83,0.0,0.0,0.0,0.0,0.0,0.0,0.0,0.0,22.83
2.19,0.0,2.02,1.98,1.95,1.0,1.58,1.0,9.72,0.8,0.53,0.0,0.2,0.0,0.6,1.33,1.0,2.0,1.0,5.46,4.69,0.0,0.0,0.0,0.0,4.69,2.16,0.0,0.0,0.0,0.0,2.16,0.0,0.0,15.63,0.0,0.0,0.0,0.0,0.0,0.0,0.0,0.0,15.63
0.0,2.57,2.94,2.76,2.85,1.0,2.74,1.0,13.86,0.8,1.07,0.4,2.0,2.0,0.8,0.83,1.0,2.0,1.0,9.9,5.25,0.0,0.0,0.0,0.0,5.25,9.0,0.0,0.0,0.0,0.0,9.0,0.0,0.0,25.08,0.0,0.0,0.0,0.0,0.0,0.0,0.0,0.0,25.08
1.38,0.0,1.14,1.44,1.25,1.0,1.8,1.0,7.01,0.4,0.93,0.2,0.4,0.0,0.6,1.0,1.0,2.0,1.0,5.53,5.25,0.0,0.0,0.0,0.0,5.25,3.75,0.0,0.0,0.0,0.0,3.75,0.0,0.0,16.31,0.0,0.0,0.0,0.0,0.0,0.0,0.0,0.0,16.31
2.08,2.31,0.91,1.2,1.55,1.0,0.9,1.0,8.95,1.6,0.67,0.25,0.4,0.4,0.4,1.0,1.0,2.0,1.0,6.72,4.5,0.0,0.0,0.0,0.0,4.5,2.44,0.0,0.0,0.0,0.0,2.44,0.0,0.0,16.53,0.0,0.0,0.0,0.0,0.0,0.0,0.0,0.0,16.53
0.0,0.0,1.38,1.02,2.65,1.0,2.4,1.0,7.45,0.8,0.74,0.0,1.0,0.54,0.6,1.5,1.0,2.0,1.0,7.19,3.38,0.0,0.0,0.0,0.0,3.38,4.31,0.0,0.0,0.0,0.0,4.31,0.0,0.0,16.76,0.0,0.0,0.0,0.0,0.0,0.0,0.0,0.0,16.76
0.0,3.0,2.13,1.44,1.88,1.0,2.62,1.0,11.07,0.8,0.74,0.2,0.4,1.4,0.62,1.0,1.0,2.0,1.0,7.16,3.75,0.0,0.0,0.0,0.0,3.75,5.62,0.0,0.0,0.0,0.0,5.62,0.0,0.0,21.6,0.0,0.0,0.0,0.0,0.0,0.0,0.0,0.0,21.6
1.89,2.57,1.56,2.28,0.55,1.0,2.25,1.0,11.1,1.4,1.07,0.4,2.0,0.4,2.0,1.44,1.0,2.0,1.0,10.71,8.34,0.0,0.0,0.0,0.0,8.34,7.31,0.0,0.0,0.0,0.0,7.31,0.0,0.0,19.8,0.0,0.0,0.0,0.0,0.0,0.0,0.0,0.0,19.8
2.24,0.0,2.94,2.88,2.9,1.0,2.89,1.0,13.85,2.0,0.8,0.4,2.0,0.4,0.62,1.67,1.0,2.0,1.0,9.89,12.0,0.0,0.0,0.0,0.0,12.0,9.19,0.0,0.0,0.0,0.0,9.19,0.0,0.0,25.76,0.0,0.0,0.0,0.0,0.0,0.0,0.0,0.0,25.76
2.93,2.91,2.94,2.82,2.95,1.0,2.85,1.0,17.4,2.0,1.33,0.8,2.0,0.8,2.0,2.0,1.0,2.0,1.0,12.93,13.22,0.0,0.0,0.0,0.0,13.22,12.0,0.0,0.0,0.0,0.0,12.0,0.0,0.0,34.31,0.0,0.0,0.0,0.0,0.0,0.0,0.0,0.0,34.31
1.75,1.29,1.83,2.7,2.42,1.0,2.55,1.0,12.54,0.6,0.67,0.4,0.4,0.6,0.6,2.0,1.0,2.0,1.0,7.27,4.78,0.0,0.0,0.0,0.0,4.78,4.12,0.0,0.0,0.0,0.0,4.12,0.0,0.0,22.95,0.0,0.0,0.0,0.0,0.0,0.0,0.0,0.0,22.95
2.86,2.44,2.22,1.5,1.48,1.0,1.39,1.0,11.89,0.8,0.67,0.0,1.6,0.4,0.6,1.33,1.0,2.0,1.0,7.4,7.12,0.0,0.0,0.0,0.0,7.12,7.31,0.0,0.0,0.0,0.0,7.31,0.0,0.0,16.98,0.0,0.0,0.0,0.0,0.0,0.0,0.0,0.0,16.98
1.92,2.36,0.99,2.22,1.72,1.0,2.06,1.0,11.27,1.0,0.93,0.0,0.4,0.54,0.6,0.83,1.0,2.0,1.0,6.3,4.41,0.0,0.0,0.0,0.0,4.41,2.25,0.0,0.0,0.0,0.0,2.25,0.0,0.0,11.92,0.0,0.0,0.0,0.0,0.0,0.0,0.0,0.0,11.92
2.7,2.74,2.94,2.7,2.47,1.0,2.89,1.0,16.44,0.4,0.67,0.0,1.4,1.0,0.4,1.0,1.0,2.0,1.0,6.87,5.53,0.0,0.0,0.0,0.0,5.53,4.31,0.0,0.0,0.0,0.0,4.31,0.0,0.0,17.55,0.0,0.0,0.0,0.0,0.0,0.0,0.0,0.0,17.55
2.86,2.91,2.97,2.88,2.92,1.0,2.74,1.0,17.28,1.6,1.07,0.2,2.0,2.0,0.0,2.0,1.0,2.0,1.0,10.87,8.53,0.0,0.0,0.0,0.0,8.53,8.81,0.0,0.0,0.0,0.0,8.81,0.0,0.0,30.03,0.0,0.0,0.0,0.0,0.0,0.0,0.0,0.0,30.03
2.42,2.57,2.37,2.64,2.72,1.0,2.55,1.0,15.27,1.6,0.67,0.0,0.4,0.4,0.6,1.17,1.0,2.0,1.0,6.84,7.5,0.0,0.0,0.0,0.0,7.5,3.94,0.0,0.0,0.0,0.0,3.94,0.0,0.0,18.11,0.0,0.0,0.0,0.0,0.0,0.0,0.0,0.0,18.11
0.0,2.23,2.46,1.98,2.15,1.0,2.25,1.0,11.07,1.4,0.74,0.0,0.2,0.4,0.6,2.0,1.0,2.0,1.0,7.34,4.69,0.0,0.0,0.0,0.0,4.69,3.0,0.0,0.0,0.0,0.0,3.0,0.0,0.0,15.3,0.0,0.0,0.0,0.0,0.0,0.0,0.0,0.0,15.3
1.39,2.91,2.04,2.46,2.2,1.0,2.81,1.0,13.81,0.4,0.67,0.2,0.0,0.0,0.0,1.83,1.0,2.0,1.0,5.1,3.19,0.0,0.0,0.0,0.0,3.19,5.07,0.0,0.0,0.0,0.0,5.07,0.0,0.0,3.15,0.0,0.0,0.0,0.0,0.0,0.0,0.0,0.0,3.15
0.0,2.87,1.62,2.04,2.62,1.0,1.91,1.0,11.06,0.8,0.53,0.4,0.0,1.4,0.0,1.44,1.0,2.0,1.0,6.57,8.44,0.0,0.0,0.0,0.0,8.44,4.31,0.0,0.0,0.0,0.0,4.31,0.0,0.0,23.06,0.0,0.0,0.0,0.0,0.0,0.0,0.0,0.0,23.06
2.17,2.57,2.49,1.18,1.85,1.0,2.06,1.0,12.32,0.6,0.8,0.0,0.2,0.6,1.0,1.5,1.0,2.0,1.0,6.7,6.94,0.0,0.0,0.0,0.0,6.94,2.72,0.0,0.0,0.0,0.0,2.72,0.0,0.0,20.92,0.0,0.0,0.0,0.0,0.0,0.0,0.0,0.0,20.92
0.0,1.71,1.16,1.02,1.68,1.0,1.76,1.0,7.33,0.8,0.8,0.0,0.2,0.0,0.0,1.0,1.0,2.0,1.0,4.8,1.59,0.0,0.0,0.0,0.0,1.59,2.72,0.0,0.0,0.0,0.0,2.72,0.0,0.0,7.42,0.0,0.0,0.0,0.0,0.0,0.0,0.0,0.0,7.42
1.78,2.79,1.11,2.04,2.0,1.0,2.03,1.0,11.75,1.0,0.8,0.25,0.4,0.0,0.6,1.44,1.0,2.0,1.0,6.49,5.34,0.0,0.0,0.0,0.0,5.34,2.44,0.0,0.0,0.0,0.0,2.44,0.0,0.0,12.82,0.0,0.0,0.0,0.0,0.0,0.0,0.0,0.0,12.82
0.0,2.14,1.68,1.98,2.22,1.0,2.14,1.0,10.16,0.8,0.4,0.0,0.4,0.0,0.0,1.33,1.0,2.0,1.0,4.93,5.91,0.0,0.0,0.0,0.0,5.91,1.69,0.0,0.0,0.0,0.0,1.69,0.0,0.0,17.32,0.0,0.0,0.0,0.0,0.0,0.0,0.0,0.0,17.32
0.0,2.4,0.76,0.84,2.23,1.0,2.25,1.0,8.48,0.8,0.4,0.0,0.0,0.54,0.62,1.44,1.0,2.0,1.0,5.8,0.94,0.0,0.0,0.0,0.0,0.94,0.47,0.0,0.0,0.0,0.0,0.47,0.0,0.0,2.47,0.0,0.0,0.0,0.0,0.0,0.0,0.0,0.0,2.47
0.0,2.66,2.46,2.1,2.88,1.0,2.14,1.0,12.24,1.4,0.67,0.2,0.6,0.2,0.8,2.0,1.0,2.0,1.0,7.87,7.69,0.0,0.0,0.0,0.0,7.69,5.62,0.0,0.0,0.0,0.0,5.62,0.0,0.0,21.48,0.0,0.0,0.0,0.0,0.0,0.0,0.0,0.0,21.48
0.0,2.57,2.46,1.74,2.42,1.0,2.14,1.0,11.33,2.0,0.4,0.25,2.0,0.4,0.6,2.0,1.0,2.0,1.0,9.65,7.12,0.0,0.0,0.0,0.0,7.12,3.56,0.0,0.0,0.0,0.0,3.56,0.0,0.0,19.57,0.0,0.0,0.0,0.0,0.0,0.0,0.0,0.0,19.57
3.42,2.28,2.31,2.62,2.32,1.0,0.0,0.0,12.95,1.49,0.33,0.91,1.33,0.83,1.33,0.83,1.0,0.0,0.0,7.05,10.88,0.0,0.0,0.0,0.0,10.88,4.35,0.0,0.0,0.0,0.0,4.35,1.0,2.1,15.0,0.0,0.0,0.0,0.0,0.0,0.0,0.0,0.0,15.0
3.16,2.28,2.81,3.44,2.77,1.0,0.0,0.0,14.46,1.66,0.75,1.16,1.66,1.16,1.0,0.42,1.0,0.0,0.0,7.81,11.81,0.0,0.0,0.0,0.0,11.81,9.6,0.0,0.0,0.0,0.0,9.6,1.0,2.25,26.09,0.0,0.0,0.0,0.0,0.0,0.0,0.0,0.0,26.09
3.14,1.65,2.5,0.0,2.32,1.0,0.0,0.0,9.61,1.16,0.33,1.33,0.93,1.06,0.95,0.63,1.0,0.0,0.0,6.4,3.94,0.0,0.0,0.0,0.0,3.94,0.15,0.0,0.0,0.0,0.0,0.15,1.0,1.97,2.18,0.0,0.0,0.0,0.0,0.0,0.0,0.0,0.0,2.18
2.76,2.28,2.78,1.25,2.16,1.0,0.0,0.0,11.23,0.0,1.08,1.0,1.08,1.0,1.16,0.69,1.0,0.0,0.0,6.01,8.25,0.0,0.0,0.0,0.0,8.25,2.88,0.0,0.0,0.0,0.0,2.88,1.0,1.35,14.0,0.0,0.0,0.0,0.0,0.0,0.0,0.0,0.0,14.0
1.28,1.93,3.19,0.0,3.28,1.0,0.0,0.0,9.68,1.66,0.58,1.08,0.33,0.66,0.95,0.62,1.0,0.0,0.0,5.88,9.94,0.0,0.0,0.0,0.0,9.94,2.55,0.0,0.0,0.0,0.0,2.55,1.0,2.1,9.72,0.0,0.0,0.0,0.0,0.0,0.0,0.0,0.0,9.72
2.51,2.42,2.69,2.31,2.34,1.0,0.0,0.0,12.27,1.41,1.16,1.66,1.0,1.58,1.16,0.48,1.0,0.0,0.0,8.45,9.56,0.0,0.0,0.0,0.0,9.56,10.5,0.0,0.0,0.0,0.0,10.5,1.0,1.95,17.18,0.0,0.0,0.0,0.0,0.0,0.0,0.0,0.0,17.18
1.29,2.59,2.22,3.0,2.2,1.0,0.0,0.0,11.3,0.75,0.33,0.17,0.0,0.66,1.0,0.83,1.0,0.0,0.0,3.74,4.12,0.0,0.0,0.0,0.0,4.12,1.2,0.0,0.0,0.0,0.0,1.2,1.0,2.4,8.9,0.0,0.0,0.0,0.0,0.0,0.0,0.0,0.0,8.9
3.4,3.08,3.16,3.56,3.14,1.0,0.0,0.0,16.34,1.0,1.0,1.41,1.0,0.66,1.66,0.83,1.0,0.0,0.0,7.56,13.12,0.0,0.0,0.0,0.0,13.12,6.0,0.0,0.0,0.0,0.0,6.0,1.0,1.5,21.18,0.0,0.0,0.0,0.0,0.0,0.0,0.0,0.0,21.18
3.07,2.34,3.0,3.5,2.16,1.0,0.0,0.0,14.07,1.16,0.42,1.49,0.33,0.66,0.83,0.63,1.0,0.0,0.0,5.52,4.5,0.0,0.0,0.0,0.0,4.5,7.5,0.0,0.0,0.0,0.0,7.5,1.0,1.5,16.72,0.0,0.0,0.0,0.0,0.0,0.0,0.0,0.0,16.72
2.02,2.78,2.22,1.75,1.83,1.0,0.0,0.0,10.6,0.42,0.0,1.16,1.41,0.83,0.66,0.62,1.0,0.0,0.0,5.1,3.19,0.0,0.0,0.0,0.0,3.19,2.19,0.0,0.0,0.0,0.0,2.19,1.0,0.9,7.18,0.0,0.0,0.0,0.0,0.0,0.0,0.0,0.0,7.18
3.05,3.06,2.78,3.0,1.41,1.0,0.0,0.0,13.3,0.33,0.0,1.24,0.33,1.33,0.33,0.63,1.0,0.0,0.0,4.19,3.38,0.0,0.0,0.0,0.0,3.38,0.39,0.0,0.0,0.0,0.0,0.39,1.0,1.8,7.54,0.0,0.0,0.0,0.0,0.0,0.0,0.0,0.0,7.54
3.47,1.95,3.72,3.75,3.75,1.0,0.0,0.0,16.64,1.66,1.58,1.33,0.83,1.16,1.66,1.04,1.0,0.0,0.0,9.26,12.56,0.0,0.0,0.0,0.0,12.56,12.6,0.0,0.0,0.0,0.0,12.6,1.0,2.54,24.36,0.0,0.0,0.0,0.0,0.0,0.0,0.0,0.0,24.36
3.23,3.06,3.59,3.75,3.66,1.0,0.0,0.0,17.29,0.58,0.33,1.49,1.0,1.33,1.0,0.63,1.0,0.0,0.0,6.36,6.0,0.0,0.0,0.0,0.0,6.0,5.49,0.0,0.0,0.0,0.0,5.49,1.0,1.65,17.36,0.0,0.0,0.0,0.0,0.0,0.0,0.0,0.0,17.36
2.86,1.58,2.59,0.0,0.0,1.0,0.0,0.0,7.03,1.66,0.0,1.0,1.41,1.49,1.16,0.62,1.0,0.0,0.0,7.34,5.81,0.0,0.0,0.0,0.0,5.81,7.05,0.0,0.0,0.0,0.0,7.05,1.0,1.95,17.36,0.0,0.0,0.0,0.0,0.0,0.0,0.0,0.0,17.36
1.04,1.44,2.05,1.62,0.0,1.0,0.0,0.0,6.15,0.42,0.0,0.58,0.66,1.0,1.0,0.14,1.0,0.0,0.0,3.8,0.56,0.0,0.0,0.0,0.0,0.56,0.84,0.0,0.0,0.0,0.0,0.84,1.0,0.9,9.09,0.0,0.0,0.0,0.0,0.0,0.0,0.0,0.0,9.09
2.76,2.28,2.78,2.06,2.32,1.0,0.0,0.0,12.19,1.03,0.0,0.42,0.66,0.66,0.17,0.21,1.0,0.0,0.0,3.15,1.88,0.0,0.0,0.0,0.0,1.88,0.3,0.0,0.0,0.0,0.0,0.3,1.0,1.97,3.63,0.0,0.0,0.0,0.0,0.0,0.0,0.0,0.0,3.63
2.51,1.11,2.44,0.0,0.0,1.0,0.0,0.0,6.06,1.08,0.66,1.0,1.0,1.66,0.83,0.97,1.0,0.0,0.0,7.2,9.19,0.0,0.0,0.0,0.0,9.19,7.95,0.0,0.0,0.0,0.0,7.95,1.0,1.65,15.0,0.0,0.0,0.0,0.0,0.0,0.0,0.0,0.0,15.0
2.3,2.85,3.34,3.62,0.0,1.0,0.0,0.0,12.11,1.16,0.66,0.66,1.0,1.16,0.83,1.04,1.0,0.0,0.0,6.51,4.12,0.0,0.0,0.0,0.0,4.12,4.65,0.0,0.0,0.0,0.0,4.65,1.0,2.1,17.63,0.0,0.0,0.0,0.0,0.0,0.0,0.0,0.0,17.63
1.14,2.59,2.34,3.0,3.56,1.0,0.0,0.0,12.63,0.91,0.33,0.66,1.0,0.33,1.0,0.48,1.0,0.0,0.0,4.71,5.06,0.0,0.0,0.0,0.0,5.06,6.39,0.0,0.0,0.0,0.0,6.39,1.0,1.05,15.0,0.0,0.0,0.0,0.0,0.0,0.0,0.0,0.0,15.0
3.33,3.11,3.53,3.75,3.56,1.0,0.0,0.0,17.28,1.16,0.75,0.66,0.83,1.49,0.95,0.55,1.0,0.0,0.0,6.39,9.19,0.0,0.0,0.0,0.0,9.19,4.05,0.0,0.0,0.0,0.0,4.05,1.0,2.4,14.18,0.0,0.0,0.0,0.0,0.0,0.0,0.0,0.0,14.18
2.48,3.26,3.0,0.0,0.0,1.0,0.0,0.0,8.74,1.24,0.58,0.91,0.33,1.0,0.5,0.55,1.0,0.0,0.0,5.11,7.12,0.0,0.0,0.0,0.0,7.12,5.1,0.0,0.0,0.0,0.0,5.1,1.0,2.1,14.36,0.0,0.0,0.0,0.0,0.0,0.0,0.0,0.0,14.36
2.98,0.0,3.03,3.56,3.61,1.0,0.0,0.0,13.18,0.0,1.16,1.33,1.0,1.66,0.83,0.97,1.0,0.0,0.0,6.95,6.38,0.0,0.0,0.0,0.0,6.38,5.25,0.0,0.0,0.0,0.0,5.25,1.0,2.85,15.36,0.0,0.0,0.0,0.0,0.0,0.0,0.0,0.0,15.36
2.86,2.44,2.53,0.0,3.23,1.0,0.0,0.0,11.06,1.08,1.41,0.5,1.0,0.66,0.95,0.63,1.0,0.0,0.0,6.23,5.44,0.0,0.0,0.0,0.0,5.44,0.6,0.0,0.0,0.0,0.0,0.6,1.0,1.05,7.0,0.0,0.0,0.0,0.0,0.0,0.0,0.0,0.0,7.0
3.26,3.09,2.81,3.62,3.56,1.0,0.0,0.0,16.34,1.16,0.17,1.49,1.0,1.49,1.16,0.63,1.0,0.0,0.0,7.1,6.75,0.0,0.0,0.0,0.0,6.75,7.35,0.0,0.0,0.0,0.0,7.35,1.0,1.8,18.54,0.0,0.0,0.0,0.0,0.0,0.0,0.0,0.0,18.54
2.88,1.93,2.19,0.0,2.58,1.0,0.0,0.0,9.58,1.16,0.42,0.66,1.0,1.49,1.66,0.55,1.0,0.0,0.0,6.94,6.19,0.0,0.0,0.0,0.0,6.19,4.89,0.0,0.0,0.0,0.0,4.89,1.0,1.5,14.18,0.0,0.0,0.0,0.0,0.0,0.0,0.0,0.0,14.18
2.39,3.0,3.62,3.19,3.47,1.0,0.0,0.0,15.67,1.24,0.42,1.0,1.0,1.33,1.16,0.69,1.0,0.0,0.0,6.84,10.31,0.0,0.0,0.0,0.0,10.31,4.05,0.0,0.0,0.0,0.0,4.05,1.0,2.1,13.81,0.0,0.0,0.0,0.0,0.0,0.0,0.0,0.0,13.81
3.28,2.98,3.16,3.62,2.72,1.0,0.0,0.0,15.76,1.49,1.58,1.33,1.41,1.33,1.16,1.18,1.0,0.0,0.0,9.48,10.31,0.0,0.0,0.0,0.0,10.31,8.85,0.0,0.0,0.0,0.0,8.85,1.0,2.4,18.36,0.0,0.0,0.0,0.0,0.0,0.0,0.0,0.0,18.36
3.07,0.0,2.38,2.5,2.44,1.0,0.0,0.0,10.39,1.66,0.83,1.33,0.93,0.5,0.0,0.76,1.0,0.0,0.0,6.01,3.75,0.0,0.0,0.0,0.0,3.75,1.35,0.0,0.0,0.0,0.0,1.35,1.0,2.7,6.36,0.0,0.0,0.0,0.0,0.0,0.0,0.0,0.0,6.36
3.12,1.39,2.78,2.06,2.32,1.0,0.0,0.0,11.66,0.5,0.33,0.25,0.93,1.06,0.95,0.63,1.0,0.0,0.0,4.66,4.31,0.0,0.0,0.0,0.0,4.31,4.53,0.0,0.0,0.0,0.0,4.53,1.0,1.97,2.9,0.0,0.0,0.0,0.0,0.0,0.0,0.0,0.0,2.9
2.79,2.01,2.72,2.88,3.52,1.0,0.0,0.0,13.92,1.16,0.42,0.58,1.0,0.66,0.33,0.48,1.0,0.0,0.0,4.63,7.69,0.0,0.0,0.0,0.0,7.69,7.17,0.0,0.0,0.0,0.0,7.17,1.0,2.1,18.45,0.0,0.0,0.0,0.0,0.0,0.0,0.0,0.0,18.45
2.18,0.0,2.75,2.88,2.62,1.0,0.0,0.0,10.43,1.49,0.61,0.25,0.83,1.66,1.33,0.55,1.0,0.0,0.0,6.72,7.31,0.0,0.0,0.0,0.0,7.31,8.55,0.0,0.0,0.0,0.0,8.55,1.0,2.4,13.81,0.0,0.0,0.0,0.0,0.0,0.0,0.0,0.0,13.81
3.02,1.35,1.56,1.12,0.98,1.0,0.0,0.0,8.03,0.5,0.75,0.83,1.0,1.33,0.95,0.48,1.0,0.0,0.0,5.84,3.56,0.0,0.0,0.0,0.0,3.56,0.9,0.0,0.0,0.0,0.0,0.9,1.0,1.97,9.0,0.0,0.0,0.0,0.0,0.0,0.0,0.0,0.0,9.0
3.21,2.91,2.19,2.88,1.73,1.0,0.0,0.0,12.92,1.24,1.33,0.75,1.0,1.06,0.83,0.14,1.0,0.0,0.0,6.35,7.88,0.0,0.0,0.0,0.0,7.88,4.65,0.0,0.0,0.0,0.0,4.65,1.0,1.8,10.36,0.0,0.0,0.0,0.0,0.0,0.0,0.0,0.0,10.36
3.23,3.26,3.28,0.0,3.14,1.0,0.0,0.0,12.91,1.66,1.58,0.5,0.93,0.83,0.95,1.45,1.0,0.0,0.0,7.9,12.19,0.0,0.0,0.0,0.0,12.19,7.35,0.0,0.0,0.0,0.0,7.35,1.0,2.4,13.18,0.0,0.0,0.0,0.0,0.0,0.0,0.0,0.0,13.18
3.35,1.42,2.47,2.56,2.32,1.0,0.0,0.0,12.12,1.08,0.42,0.75,0.93,1.06,0.95,0.63,1.0,0.0,0.0,5.83,4.88,0.0,0.0,0.0,0.0,4.88,3.3,0.0,0.0,0.0,0.0,3.3,1.0,2.25,6.18,0.0,0.0,0.0,0.0,0.0,0.0,0.0,0.0,6.18
3.38,3.08,3.16,0.0,2.58,1.0,0.0,0.0,12.2,1.16,0.0,1.49,1.33,1.16,1.16,0.48,1.0,0.0,0.0,6.78,8.44,0.0,0.0,0.0,0.0,8.44,4.95,0.0,0.0,0.0,0.0,4.95,1.0,2.85,12.27,0.0,0.0,0.0,0.0,0.0,0.0,0.0,0.0,12.27
3.05,2.68,3.47,3.0,2.32,1.0,0.0,0.0,14.52,1.16,0.42,0.75,0.66,1.33,0.33,0.63,1.0,0.0,0.0,5.28,5.62,0.0,0.0,0.0,0.0,5.62,0.45,0.0,0.0,0.0,0.0,0.45,1.0,1.95,6.0,0.0,0.0,0.0,0.0,0.0,0.0,0.0,0.0,6.0
2.76,0.94,1.69,0.88,0.0,1.0,0.0,0.0,6.27,0.17,0.08,0.33,0.5,0.33,0.95,0.63,1.0,0.0,0.0,2.99,1.88,0.0,0.0,0.0,0.0,1.88,0.45,0.0,0.0,0.0,0.0,0.45,1.0,1.97,4.36,0.0,0.0,0.0,0.0,0.0,0.0,0.0,0.0,4.36
3.21,3.22,2.44,3.38,3.42,1.0,0.0,0.0,15.67,0.0,0.0,0.91,1.41,1.16,0.66,0.48,1.0,0.0,0.0,4.62,5.62,0.0,0.0,0.0,0.0,5.62,7.74,0.0,0.0,0.0,0.0,7.74,1.0,2.54,15.09,0.0,0.0,0.0,0.0,0.0,0.0,0.0,0.0,15.09
2.86,2.36,2.5,0.0,2.95,1.0,0.0,0.0,10.67,1.16,1.08,0.42,0.5,0.83,0.95,0.76,1.0,0.0,0.0,5.7,8.25,0.0,0.0,0.0,0.0,8.25,4.86,0.0,0.0,0.0,0.0,4.86,1.0,1.97,10.45,0.0,0.0,0.0,0.0,0.0,0.0,0.0,0.0,10.45
3.16,3.22,3.09,3.31,3.28,1.0,0.0,0.0,16.06,1.16,0.75,0.58,1.16,1.16,0.95,0.63,1.0,0.0,0.0,6.39,6.75,0.0,0.0,0.0,0.0,6.75,3.75,0.0,0.0,0.0,0.0,3.75,1.0,1.95,13.54,0.0,0.0,0.0,0.0,0.0,0.0,0.0,0.0,13.54
3.0,3.08,3.31,3.19,3.42,1.0,0.0,0.0,16.0,1.41,1.16,0.91,1.41,0.83,1.16,0.35,1.0,0.0,0.0,7.23,8.44,0.0,0.0,0.0,0.0,8.44,3.9,0.0,0.0,0.0,0.0,3.9,1.0,2.85,12.54,0.0,0.0,0.0,0.0,0.0,0.0,0.0,0.0,12.54
2.06,2.94,3.16,0.0,0.0,1.0,0.0,0.0,8.16,0.66,0.42,0.66,0.93,1.16,1.33,0.63,1.0,0.0,0.0,5.79,6.75,0.0,0.0,0.0,0.0,6.75,1.35,0.0,0.0,0.0,0.0,1.35,1.0,1.2,8.18,0.0,0.0,0.0,0.0,0.0,0.0,0.0,0.0,8.18
2.09,3.11,2.84,0.0,3.05,1.0,0.0,0.0,11.09,1.16,0.42,1.33,0.93,1.0,0.95,0.07,1.0,0.0,0.0,5.86,3.0,0.0,0.0,0.0,0.0,3.0,1.35,0.0,0.0,0.0,0.0,1.35,1.0,1.97,3.81,0.0,0.0,0.0,0.0,0.0,0.0,0.0,0.0,3.81
3.26,0.0,3.2,2.72,3.02,1.0,0.0,0.0,12.2,0.25,1.41,0.66,1.08,0.71,0.75,0.55,1.0,0.0,0.0,5.41,7.12,0.0,0.0,0.0,0.0,7.12,3.09,0.0,0.0,0.0,0.0,3.09,0.0,0.0,13.27,0.0,0.0,0.0,0.0,0.0,0.0,0.0,0.0,13.27
3.7,3.38,3.62,3.25,0.0,1.0,0.0,0.0,13.95,1.33,1.58,1.49,1.58,0.75,1.33,0.83,1.0,0.0,0.0,8.89,10.88,0.0,0.0,0.0,0.0,10.88,10.8,0.0,0.0,0.0,0.0,10.8,0.0,0.0,20.72,0.0,0.0,0.0,0.0,0.0,0.0,0.0,0.0,20.72
1.59,2.96,0.0,2.75,2.37,1.0,0.0,0.0,9.67,1.33,0.66,0.66,0.66,1.0,1.24,0.62,1.0,0.0,0.0,6.17,5.25,0.0,0.0,0.0,0.0,5.25,2.7,0.0,0.0,0.0,0.0,2.7,0.0,0.0,12.9,0.0,0.0,0.0,0.0,0.0,0.0,0.0,0.0,12.9
3.66,3.02,2.67,2.0,2.86,1.0,0.0,0.0,14.21,0.08,1.58,1.08,1.08,0.75,0.66,1.52,1.0,0.0,0.0,6.75,10.12,0.0,0.0,0.0,0.0,10.12,10.95,0.0,0.0,0.0,0.0,10.95,0.0,0.0,17.54,0.0,0.0,0.0,0.0,0.0,0.0,0.0,0.0,17.54
3.38,2.91,3.05,2.62,3.0,1.0,0.0,0.0,14.96,0.0,0.75,1.08,1.0,0.33,0.17,1.04,1.0,0.0,0.0,4.37,3.56,0.0,0.0,0.0,0.0,3.56,9.6,0.0,0.0,0.0,0.0,9.6,0.0,0.0,16.9,0.0,0.0,0.0,0.0,0.0,0.0,0.0,0.0,16.9
3.38,2.55,3.23,2.0,3.59,1.0,0.0,0.0,14.75,0.33,0.75,1.66,0.75,0.71,1.16,0.0,1.0,0.0,0.0,5.36,4.69,0.0,0.0,0.0,0.0,4.69,3.45,0.0,0.0,0.0,0.0,3.45,0.0,0.0,6.63,0.0,0.0,0.0,0.0,0.0,0.0,0.0,0.0,6.63
3.56,2.51,2.28,2.62,3.42,1.0,0.0,0.0,14.39,0.58,0.75,1.24,0.0,1.33,1.58,1.59,1.0,0.0,0.0,7.07,11.06,0.0,0.0,0.0,0.0,11.06,12.0,0.0,0.0,0.0,0.0,12.0,0.0,0.0,23.0,0.0,0.0,0.0,0.0,0.0,0.0,0.0,0.0,23.0
1.45,2.78,2.8,0.88,2.48,1.0,0.0,0.0,10.39,0.25,0.0,0.5,0.42,0.75,1.33,0.48,1.0,0.0,0.0,3.73,3.75,0.0,0.0,0.0,0.0,3.75,5.1,0.0,0.0,0.0,0.0,5.1,0.0,0.0,8.18,0.0,0.0,0.0,0.0,0.0,0.0,0.0,0.0,8.18
3.28,2.1,0.0,0.8,3.56,1.0,0.0,0.0,9.74,0.33,1.16,1.16,1.49,1.58,1.41,0.28,1.0,0.0,0.0,7.41,7.69,0.0,0.0,0.0,0.0,7.69,9.45,0.0,0.0,0.0,0.0,9.45,0.0,0.0,19.18,0.0,0.0,0.0,0.0,0.0,0.0,0.0,0.0,19.18
1.59,3.36,1.8,0.0,3.4,1.0,0.0,0.0,10.15,1.24,1.24,1.16,0.33,1.08,1.08,0.62,1.0,0.0,0.0,6.75,13.31,0.0,0.0,0.0,0.0,13.31,10.95,0.0,0.0,0.0,0.0,10.95,0.0,0.0,14.9,0.0,0.0,0.0,0.0,0.0,0.0,0.0,0.0,14.9
3.0,2.49,3.3,1.81,0.0,1.0,0.0,0.0,10.6,0.08,1.58,1.09,0.08,0.83,1.41,0.69,1.0,0.0,0.0,5.76,4.5,0.0,0.0,0.0,0.0,4.5,6.0,0.0,0.0,0.0,0.0,6.0,0.0,0.0,20.0,0.0,0.0,0.0,0.0,0.0,0.0,0.0,0.0,20.0
1.73,3.11,3.06,3.47,3.68,1.0,0.0,0.0,15.05,1.58,0.58,1.41,0.91,0.75,1.49,1.24,1.0,0.0,0.0,7.96,9.75,0.0,0.0,0.0,0.0,9.75,10.65,0.0,0.0,0.0,0.0,10.65,0.0,0.0,21.0,0.0,0.0,0.0,0.0,0.0,0.0,0.0,0.0,21.0
2.91,3.02,2.73,3.28,3.26,1.0,0.0,0.0,15.2,0.58,0.83,1.08,1.0,0.66,0.33,0.69,1.0,0.0,0.0,5.17,6.75,0.0,0.0,0.0,0.0,6.75,7.53,0.0,0.0,0.0,0.0,7.53,0.0,0.0,18.27,0.0,0.0,0.0,0.0,0.0,0.0,0.0,0.0,18.27
2.91,2.48,2.56,0.0,2.27,1.0,0.0,0.0,10.22,0.25,0.58,1.49,0.83,0.0,0.25,0.0,1.0,0.0,0.0,3.4,2.25,0.0,0.0,0.0,0.0,2.25,0.9,0.0,0.0,0.0,0.0,0.9,0.0,0.0,4.9,0.0,0.0,0.0,0.0,0.0,0.0,0.0,0.0,4.9
3.33,0.0,2.83,2.0,2.46,1.0,0.0,0.0,10.62,0.83,1.33,1.41,0.89,0.71,0.88,0.77,1.0,0.0,0.0,6.82,6.75,0.0,0.0,0.0,0.0,6.75,2.49,0.0,0.0,0.0,0.0,2.49,0.0,0.0,2.36,0.0,0.0,0.0,0.0,0.0,0.0,0.0,0.0,2.36
3.19,2.55,0.0,1.71,3.35,1.0,0.0,0.0,10.8,0.75,1.66,1.49,1.58,0.08,0.66,0.14,1.0,0.0,0.0,6.36,7.5,0.0,0.0,0.0,0.0,7.5,8.02,0.0,0.0,0.0,0.0,8.02,0.0,0.0,16.54,0.0,0.0,0.0,0.0,0.0,0.0,0.0,0.0,16.54
3.09,2.89,3.52,3.56,3.23,1.0,0.0,0.0,16.29,0.83,1.16,0.91,1.49,0.17,1.16,0.9,1.0,0.0,0.0,6.62,4.31,0.0,0.0,0.0,0.0,4.31,6.03,0.0,0.0,0.0,0.0,6.03,0.0,0.0,20.27,0.0,0.0,0.0,0.0,0.0,0.0,0.0,0.0,20.27
3.07,1.16,3.2,0.74,1.55,1.0,0.0,0.0,9.72,0.17,1.58,1.24,0.66,0.83,1.66,0.69,1.0,0.0,0.0,6.83,11.44,0.0,0.0,0.0,0.0,11.44,5.28,0.0,0.0,0.0,0.0,5.28,0.0,0.0,12.63,0.0,0.0,0.0,0.0,0.0,0.0,0.0,0.0,12.63
1.73,2.23,2.67,3.53,0.0,1.0,0.0,0.0,10.16,0.25,1.16,0.91,0.08,0.75,0.33,0.83,1.0,0.0,0.0,4.31,5.81,0.0,0.0,0.0,0.0,5.81,3.9,0.0,0.0,0.0,0.0,3.9,0.0,0.0,12.9,0.0,0.0,0.0,0.0,0.0,0.0,0.0,0.0,12.9
3.33,3.66,3.31,2.88,3.52,1.0,0.0,0.0,16.7,0.91,1.49,1.41,1.58,1.49,0.88,1.38,1.0,0.0,0.0,9.14,9.75,0.0,0.0,0.0,0.0,9.75,12.0,0.0,0.0,0.0,0.0,12.0,0.0,0.0,25.27,0.0,0.0,0.0,0.0,0.0,0.0,0.0,0.0,25.27
3.35,3.6,2.94,3.28,0.0,1.0,0.0,0.0,13.17,0.66,1.58,1.08,1.0,1.0,1.41,0.97,1.0,0.0,0.0,7.7,10.31,0.0,0.0,0.0,0.0,10.31,11.85,0.0,0.0,0.0,0.0,11.85,0.0,0.0,20.18,0.0,0.0,0.0,0.0,0.0,0.0,0.0,0.0,20.18
2.79,1.97,1.53,2.0,1.88,1.0,0.0,0.0,10.17,0.55,0.17,0.91,1.24,0.5,0.33,0.77,1.0,0.0,0.0,4.47,3.0,0.0,0.0,0.0,0.0,3.0,1.5,0.0,0.0,0.0,0.0,1.5,0.0,0.0,7.45,0.0,0.0,0.0,0.0,0.0,0.0,0.0,0.0,7.45
2.46,3.26,2.75,3.47,0.0,1.0,0.0,0.0,11.94,0.25,1.16,1.08,0.25,0.42,1.33,0.9,1.0,0.0,0.0,5.39,3.94,0.0,0.0,0.0,0.0,3.94,5.7,0.0,0.0,0.0,0.0,5.7,0.0,0.0,13.09,0.0,0.0,0.0,0.0,0.0,0.0,0.0,0.0,13.09
1.48,2.85,0.0,2.94,2.34,1.0,0.0,0.0,9.61,1.16,1.66,1.08,1.24,0.66,0.17,1.31,1.0,0.0,0.0,7.28,9.56,0.0,0.0,0.0,0.0,9.56,8.58,0.0,0.0,0.0,0.0,8.58,0.0,0.0,17.63,0.0,0.0,0.0,0.0,0.0,0.0,0.0,0.0,17.63
1.55,2.98,0.0,2.31,3.47,1.0,0.0,0.0,10.31,0.83,1.08,1.41,1.33,0.5,1.0,0.76,1.0,0.0,0.0,6.91,9.38,0.0,0.0,0.0,0.0,9.38,9.18,0.0,0.0,0.0,0.0,9.18,0.0,0.0,15.45,0.0,0.0,0.0,0.0,0.0,0.0,0.0,0.0,15.45
3.47,2.78,3.31,1.25,2.46,1.0,0.0,0.0,13.27,0.83,1.66,1.41,1.49,0.91,1.24,0.9,1.0,0.0,0.0,8.44,9.94,0.0,0.0,0.0,0.0,9.94,8.4,0.0,0.0,0.0,0.0,8.4,0.0,0.0,14.09,0.0,0.0,0.0,0.0,0.0,0.0,0.0,0.0,14.09
2.95,2.7,3.55,2.81,3.0,1.0,0.0,0.0,15.01,1.0,1.33,1.08,0.83,0.75,1.49,1.18,1.0,0.0,0.0,7.66,9.0,0.0,0.0,0.0,0.0,9.0,5.1,0.0,0.0,0.0,0.0,5.1,0.0,0.0,19.54,0.0,0.0,0.0,0.0,0.0,0.0,0.0,0.0,19.54
2.84,2.03,2.44,0.0,2.2,1.0,0.0,0.0,9.51,0.5,0.0,1.0,0.33,0.5,0.42,0.97,1.0,0.0,0.0,3.72,4.31,0.0,0.0,0.0,0.0,4.31,3.03,0.0,0.0,0.0,0.0,3.03,0.0,0.0,12.45,0.0,0.0,0.0,0.0,0.0,0.0,0.0,0.0,12.45
1.36,1.76,2.21,2.31,3.07,1.0,0.0,0.0,10.71,0.33,0.0,1.24,0.17,0.83,1.16,0.55,1.0,0.0,0.0,4.28,3.38,0.0,0.0,0.0,0.0,3.38,2.52,0.0,0.0,0.0,0.0,2.52,0.0,0.0,5.45,0.0,0.0,0.0,0.0,0.0,0.0,0.0,0.0,5.45
3.28,2.96,2.62,2.66,3.26,1.0,0.0,0.0,14.78,0.58,1.49,0.83,1.16,1.08,1.0,0.97,1.0,0.0,0.0,7.11,7.12,0.0,0.0,0.0,0.0,7.12,3.03,0.0,0.0,0.0,0.0,3.03,0.0,0.0,21.09,0.0,0.0,0.0,0.0,0.0,0.0,0.0,0.0,21.09
2.88,0.0,3.17,2.19,3.05,1.0,0.0,0.0,11.29,0.42,0.5,0.5,1.41,1.08,0.17,0.62,1.0,0.0,0.0,4.7,7.12,0.0,0.0,0.0,0.0,7.12,6.45,0.0,0.0,0.0,0.0,6.45,0.0,0.0,16.18,0.0,0.0,0.0,0.0,0.0,0.0,0.0,0.0,16.18
2.95,1.78,2.44,0.8,2.02,1.0,0.0,0.0,9.99,0.17,0.75,0.66,1.49,0.75,1.41,0.83,1.0,0.0,0.0,6.06,8.81,0.0,0.0,0.0,0.0,8.81,3.75,0.0,0.0,0.0,0.0,3.75,0.0,0.0,6.81,0.0,0.0,0.0,0.0,0.0,0.0,0.0,0.0,6.81
3.26,1.82,0.0,2.19,1.78,1.0,0.0,0.0,9.05,0.25,0.0,0.91,0.5,0.58,1.08,0.55,1.0,0.0,0.0,3.87,3.38,0.0,0.0,0.0,0.0,3.38,1.2,0.0,0.0,0.0,0.0,1.2,0.0,0.0,4.36,0.0,0.0,0.0,0.0,0.0,0.0,0.0,0.0,4.36
3.63,2.59,3.39,2.53,3.07,1.0,0.0,0.0,15.21,0.25,0.58,1.41,0.5,0.75,0.66,0.69,1.0,0.0,0.0,4.84,3.38,0.0,0.0,0.0,0.0,3.38,5.43,0.0,0.0,0.0,0.0,5.43,0.0,0.0,9.9,0.0,0.0,0.0,0.0,0.0,0.0,0.0,0.0,9.9
1.62,3.13,3.05,0.0,2.53,1.0,0.0,0.0,10.33,1.16,1.66,1.24,1.58,1.66,1.49,1.52,1.0,0.0,0.0,10.31,13.12,0.0,0.0,0.0,0.0,13.12,13.2,0.0,0.0,0.0,0.0,13.2,0.0,0.0,29.72,0.0,0.0,0.0,0.0,0.0,0.0,0.0,0.0,29.72
1.66,0.0,2.25,0.0,2.39,1.0,0.0,0.0,6.3,0.55,0.0,0.75,0.33,0.83,0.91,0.83,1.0,0.0,0.0,4.2,4.88,0.0,0.0,0.0,0.0,4.88,2.55,0.0,0.0,0.0,0.0,2.55,0.0,0.0,7.81,0.0,0.0,0.0,0.0,0.0,0.0,0.0,0.0,7.81
3.0,0.0,2.34,1.81,2.2,1.0,0.0,0.0,9.35,0.75,1.66,0.66,0.5,0.25,1.0,0.77,1.0,0.0,0.0,5.59,4.5,0.0,0.0,0.0,0.0,4.5,1.5,0.0,0.0,0.0,0.0,1.5,0.0,0.0,10.81,0.0,0.0,0.0,0.0,0.0,0.0,0.0,0.0,10.81
3.54,2.06,2.14,2.62,3.38,1.0,0.0,0.0,13.74,0.58,1.66,1.49,1.49,0.91,0.88,0.42,1.0,0.0,0.0,7.42,8.06,0.0,0.0,0.0,0.0,8.06,6.84,0.0,0.0,0.0,0.0,6.84,0.0,0.0,17.0,0.0,0.0,0.0,0.0,0.0,0.0,0.0,0.0,17.0
1.59,2.01,3.28,0.0,3.28,1.0,0.0,0.0,10.16,0.17,1.24,0.42,0.58,1.24,0.88,0.77,1.0,0.0,0.0,5.29,5.25,0.0,0.0,0.0,0.0,5.25,3.75,0.0,0.0,0.0,0.0,3.75,0.0,0.0,7.54,0.0,0.0,0.0,0.0,0.0,0.0,0.0,0.0,7.54
3.07,2.51,2.83,0.0,0.0,1.0,0.0,0.0,8.41,0.33,0.42,1.41,0.42,0.5,0.08,0.77,1.0,0.0,0.0,3.93,1.88,0.0,0.0,0.0,0.0,1.88,1.2,0.0,0.0,0.0,0.0,1.2,0.0,0.0,4.36,0.0,0.0,0.0,0.0,0.0,0.0,0.0,0.0,4.36
3.14,3.41,3.66,3.09,3.52,1.0,0.0,0.0,16.82,0.17,1.66,1.41,1.33,0.75,1.24,0.48,1.0,0.0,0.0,7.04,10.12,0.0,0.0,0.0,0.0,10.12,9.78,0.0,0.0,0.0,0.0,9.78,0.0,0.0,20.0,0.0,0.0,0.0,0.0,0.0,0.0,0.0,0.0,20.0
2.81,2.51,2.11,1.84,2.18,1.0,0.0,0.0,11.45,0.58,1.08,0.91,1.24,0.08,0.17,0.62,1.0,0.0,0.0,4.68,6.19,0.0,0.0,0.0,0.0,6.19,7.23,0.0,0.0,0.0,0.0,7.23,0.0,0.0,9.09,0.0,0.0,0.0,0.0,0.0,0.0,0.0,0.0,9.09
2.62,2.57,1.81,0.0,1.41,1.0,0.0,0.0,8.41,0.25,0.42,0.75,0.58,0.25,0.08,0.55,1.0,0.0,0.0,2.88,3.38,0.0,0.0,0.0,0.0,3.38,1.74,0.0,0.0,0.0,0.0,1.74,0.0,0.0,13.18,0.0,0.0,0.0,0.0,0.0,0.0,0.0,0.0,13.18
1.57,3.36,3.44,3.38,3.14,1.0,0.0,0.0,14.89,0.25,0.0,0.91,1.0,0.33,0.17,0.55,1.0,0.0,0.0,3.21,9.94,0.0,0.0,0.0,0.0,9.94,7.56,0.0,0.0,0.0,0.0,7.56,0.0,0.0,15.27,0.0,0.0,0.0,0.0,0.0,0.0,0.0,0.0,15.27
2.81,3.11,0.0,2.44,3.42,1.0,0.0,0.0,11.78,0.17,0.0,1.16,0.91,0.0,0.08,0.83,1.0,0.0,0.0,3.15,5.44,0.0,0.0,0.0,0.0,5.44,4.95,0.0,0.0,0.0,0.0,4.95,0.0,0.0,9.18,0.0,0.0,0.0,0.0,0.0,0.0,0.0,0.0,9.18
2.44,3.08,3.25,3.44,2.98,1.0,0.0,0.0,15.19,0.55,0.83,1.41,0.75,0.42,0.66,0.35,1.0,0.0,0.0,4.97,6.0,0.0,0.0,0.0,0.0,6.0,3.99,0.0,0.0,0.0,0.0,3.99,0.0,0.0,16.54,0.0,0.0,0.0,0.0,0.0,0.0,0.0,0.0,16.54
0.86,2.65,2.6,2.28,0.0,0.0,0.0,0.0,8.39,0.1,0.0,1.12,0.4,1.2,1.4,0.0,0.0,0.0,0.0,4.22,4.5,0.25,1.0,2.5,1.0,7.25,2.72,0.55,1.0,3.68,1.0,6.95,0.0,0.0,15.57,6.48,1.0,4.96,1.0,1.03,1.0,3.44,1.0,31.48
1.1,0.0,2.8,2.6,0.0,0.0,0.0,0.0,6.5,1.2,0.0,0.38,0.4,0.0,1.0,0.0,0.0,0.0,0.0,2.98,1.5,0.25,1.0,3.5,1.0,5.25,3.0,0.55,1.0,1.36,1.0,4.91,0.0,0.0,6.15,4.86,1.0,2.27,1.0,1.03,1.0,2.83,1.0,17.14
2.23,0.0,2.83,3.01,0.0,0.0,0.0,0.0,8.07,0.7,0.4,0.62,1.4,1.8,1.8,0.0,0.0,0.0,0.0,6.72,1.88,0.5,1.0,3.25,1.0,5.63,3.0,2.18,1.0,4.77,1.0,9.95,0.0,0.0,15.98,6.88,1.0,5.58,1.0,3.51,1.0,3.24,1.0,35.19
1.07,2.65,1.72,2.8,0.0,0.0,0.0,0.0,8.24,1.0,0.6,0.0,1.2,1.0,1.2,0.0,0.0,0.0,0.0,5.0,2.25,0.25,1.0,3.75,1.0,6.25,3.0,0.27,1.0,3.68,1.0,6.95,0.0,0.0,13.93,6.88,1.0,1.86,1.0,1.24,1.0,1.42,1.0,25.33
1.14,0.0,2.31,1.58,0.0,0.0,0.0,0.0,5.03,0.3,1.2,0.75,1.2,0.8,1.0,0.0,0.0,0.0,0.0,5.25,5.0,0.5,1.0,4.0,1.0,9.5,4.77,0.55,1.0,3.0,1.0,8.32,0.0,0.0,11.47,5.26,1.0,5.17,1.0,2.89,1.0,4.74,1.0,29.53
1.32,2.44,2.47,2.15,0.0,0.0,0.0,0.0,8.38,0.1,0.9,0.75,1.0,0.8,0.6,0.0,0.0,0.0,0.0,4.15,1.25,0.0,1.0,4.5,1.0,5.75,2.32,0.55,1.0,3.0,1.0,5.87,0.0,0.0,15.98,4.86,1.0,5.17,1.0,2.89,1.0,2.02,1.0,30.92
0.0,2.36,2.05,2.6,0.0,0.0,0.0,0.0,7.01,0.2,1.0,0.75,1.2,1.2,1.6,0.0,0.0,0.0,0.0,5.95,1.62,0.12,1.0,3.25,1.0,4.99,3.27,0.82,1.0,3.13,1.0,7.22,0.0,0.0,13.32,4.86,1.0,5.37,1.0,1.86,1.0,4.66,1.0,30.07
1.49,2.52,2.89,2.35,0.0,0.0,0.0,0.0,9.25,1.3,1.2,0.0,0.6,1.3,1.4,0.0,0.0,0.0,0.0,5.8,5.0,4.5,1.0,4.5,1.0,14.0,3.27,2.18,1.0,5.18,1.0,10.63,0.0,0.0,15.57,4.86,1.0,4.55,1.0,1.65,1.0,4.05,1.0,30.68
1.35,2.84,2.86,2.44,0.0,0.0,0.0,0.0,9.49,1.8,1.0,0.75,0.6,0.8,1.08,0.0,0.0,0.0,0.0,6.03,4.75,0.25,1.0,3.0,1.0,8.0,5.18,1.23,1.0,4.5,1.0,10.91,0.0,0.0,10.24,4.46,1.0,4.75,1.0,2.69,1.0,3.24,1.0,25.38
2.89,2.55,2.83,2.97,0.0,0.0,0.0,0.0,11.24,1.2,0.4,0.0,0.2,1.6,1.8,0.0,0.0,0.0,0.0,5.2,5.0,0.5,1.0,3.25,1.0,8.75,4.09,3.54,1.0,4.63,1.0,12.26,0.0,0.0,13.93,6.48,1.0,5.99,1.0,4.13,1.0,6.07,1.0,36.6
1.14,0.0,1.27,1.02,0.0,0.0,0.0,0.0,3.43,0.6,0.4,0.5,0.2,0.8,1.3,0.0,0.0,0.0,0.0,3.8,2.0,0.25,1.0,3.0,1.0,5.25,3.0,0.55,1.0,4.22,1.0,7.77,0.0,0.0,14.34,6.48,1.0,3.31,1.0,0.83,1.0,0.2,1.0,25.16
1.22,2.49,2.54,1.91,0.0,0.0,0.0,0.0,8.16,0.7,1.0,0.88,0.0,1.2,1.6,0.0,0.0,0.0,0.0,5.38,4.75,0.0,1.0,3.75,1.0,8.5,3.0,0.55,1.0,4.63,1.0,8.18,0.0,0.0,12.5,5.26,1.0,4.55,1.0,1.03,1.0,2.43,1.0,25.77
2.68,2.98,2.8,2.84,0.0,0.0,0.0,0.0,11.3,0.7,1.2,1.0,1.0,1.4,0.8,0.0,0.0,0.0,0.0,6.1,3.5,0.75,1.0,3.25,1.0,7.5,4.36,1.77,1.0,4.5,1.0,10.63,0.0,0.0,13.32,6.88,1.0,4.34,1.0,0.83,1.0,3.24,1.0,28.61
2.02,3.01,2.34,2.92,0.0,0.0,0.0,0.0,10.29,0.3,0.4,0.88,0.4,1.4,0.2,0.0,0.0,0.0,0.0,3.58,2.5,0.0,1.0,2.5,1.0,5.0,0.68,0.27,1.0,2.45,1.0,3.4,0.0,0.0,11.88,7.29,1.0,2.69,1.0,0.0,1.0,1.7,1.0,23.56
1.8,2.17,2.4,2.15,0.0,0.0,0.0,0.0,8.52,1.0,0.2,0.0,1.0,1.2,1.2,0.0,0.0,0.0,0.0,4.6,5.0,0.5,1.0,3.25,1.0,8.75,5.45,0.55,1.0,4.5,1.0,10.5,0.0,0.0,14.75,4.86,1.0,5.17,1.0,1.65,1.0,1.82,1.0,28.25
2.42,2.74,2.8,2.64,0.0,0.0,0.0,0.0,10.6,2.0,0.6,1.5,0.6,1.8,1.4,0.0,0.0,0.0,0.0,7.9,1.75,0.25,1.0,4.5,1.0,6.5,3.82,2.73,1.0,5.04,1.0,11.59,0.0,0.0,14.55,4.86,1.0,5.79,1.0,3.31,1.0,4.86,1.0,33.37
0.6,2.79,2.31,2.6,0.0,0.0,0.0,0.0,8.3,0.1,0.2,0.88,1.0,1.4,1.6,0.0,0.0,0.0,0.0,5.18,4.12,0.5,1.0,4.0,1.0,8.62,2.86,3.82,1.0,3.41,1.0,10.09,0.0,0.0,13.52,7.69,1.0,4.55,1.0,4.55,1.0,3.85,1.0,34.16
0.88,2.38,1.66,2.68,0.0,0.0,0.0,0.0,7.6,0.1,0.4,0.75,0.4,0.0,0.8,0.0,0.0,0.0,0.0,2.45,2.0,0.25,1.0,2.75,1.0,5.0,0.68,0.14,1.0,1.09,1.0,1.91,0.0,0.0,10.86,1.62,1.0,0.83,1.0,0.0,1.0,0.61,1.0,13.92
0.0,2.33,1.95,2.23,0.0,0.0,0.0,0.0,6.51,1.4,1.0,0.62,0.2,0.4,1.8,0.0,0.0,0.0,0.0,5.42,4.5,0.75,1.0,4.5,1.0,9.75,4.36,0.0,1.0,2.18,1.0,6.54,0.0,0.0,14.75,6.48,1.0,6.2,1.0,2.48,1.0,4.25,1.0,34.16
1.92,2.55,2.5,2.28,0.0,0.0,0.0,0.0,9.25,1.1,0.0,1.12,0.0,0.8,1.2,0.0,0.0,0.0,0.0,4.22,5.0,0.12,1.0,3.5,1.0,8.62,3.0,0.55,1.0,5.31,1.0,8.86,0.0,0.0,15.16,5.26,1.0,4.34,1.0,2.48,1.0,3.44,1.0,30.68
0.99,0.0,1.46,1.46,0.0,0.0,0.0,0.0,3.91,0.4,0.2,0.75,0.0,0.0,0.2,0.0,0.0,0.0,0.0,1.55,5.0,0.0,1.0,3.75,1.0,8.75,1.64,0.27,1.0,5.31,1.0,7.22,0.0,0.0,11.47,4.46,1.0,1.45,1.0,0.0,1.0,0.0,1.0,17.38
0.88,0.0,2.37,2.44,0.0,0.0,0.0,0.0,5.69,0.9,1.0,0.88,0.4,0.0,0.9,0.0,0.0,0.0,0.0,4.08,3.25,0.0,1.0,3.25,1.0,6.5,0.27,0.55,1.0,3.13,1.0,3.95,0.0,0.0,7.17,4.46,1.0,1.65,1.0,0.62,1.0,0.0,1.0,13.9
1.53,0.0,2.96,2.4,0.0,0.0,0.0,0.0,6.89,0.0,0.6,0.0,0.4,0.96,0.9,0.0,0.0,0.0,0.0,2.86,0.62,0.25,1.0,3.0,1.0,3.87,0.0,0.55,1.0,1.5,1.0,2.05,0.0,0.0,5.33,2.02,1.0,0.0,1.0,0.21,1.0,0.2,1.0,7.76
1.76,2.36,1.5,2.36,0.0,0.0,0.0,0.0,7.98,1.4,0.2,1.0,0.4,0.2,1.08,0.0,0.0,0.0,0.0,4.28,2.5,0.5,1.0,2.5,1.0,5.5,0.41,0.27,1.0,3.95,1.0,4.63,0.0,0.0,11.47,6.07,1.0,3.51,1.0,0.62,1.0,0.2,1.0,21.87
1.33,2.3,1.76,2.52,0.0,0.0,0.0,0.0,7.91,0.9,0.6,0.0,0.8,0.2,1.2,0.0,0.0,0.0,0.0,3.7,2.0,0.0,1.0,3.75,1.0,5.75,3.27,0.14,1.0,1.91,1.0,5.32,0.0,0.0,11.06,3.64,1.0,1.24,1.0,0.0,1.0,0.2,1.0,16.14
2.06,2.84,2.44,2.15,0.0,0.0,0.0,0.0,9.49,0.1,0.8,0.75,1.6,0.8,1.4,0.0,0.0,0.0,0.0,5.45,4.5,0.0,1.0,4.0,1.0,8.5,3.68,2.73,1.0,3.95,1.0,10.36,0.0,0.0,15.37,7.29,1.0,5.58,1.0,1.24,1.0,2.02,1.0,31.5
1.23,2.76,2.5,2.44,0.0,0.0,0.0,0.0,8.93,1.6,0.0,0.88,1.0,1.6,0.9,0.0,0.0,0.0,0.0,5.98,2.5,0.25,1.0,3.75,1.0,6.5,4.5,1.91,1.0,4.36,1.0,10.77,0.0,0.0,15.98,5.26,1.0,4.34,1.0,3.93,1.0,3.44,1.0,32.95
2.31,0.7,2.44,1.62,0.0,0.0,0.0,0.0,7.07,1.0,0.6,1.0,0.2,1.2,1.8,0.0,0.0,0.0,0.0,5.8,4.0,0.88,1.0,3.25,1.0,8.13,2.86,0.55,1.0,3.41,1.0,6.82,0.0,0.0,16.39,7.29,1.0,5.79,1.0,4.55,1.0,6.28,1.0,40.3
0.39,1.73,2.02,2.23,0.0,0.0,0.0,0.0,6.37,0.0,0.2,0.75,0.0,0.4,1.4,0.0,0.0,0.0,0.0,2.75,5.0,0.0,1.0,3.5,1.0,8.5,4.09,0.0,1.0,2.32,1.0,6.41,0.0,0.0,11.06,8.1,1.0,4.75,1.0,0.83,1.0,3.85,1.0,28.59
0.8,1.92,2.31,2.19,0.0,0.0,0.0,0.0,7.22,0.73,0.0,0.75,0.2,0.2,0.2,0.0,0.0,0.0,0.0,2.08,2.0,0.0,1.0,3.25,1.0,5.25,1.64,0.55,1.0,1.23,1.0,3.42,0.0,0.0,7.38,2.83,1.0,2.89,1.0,0.41,1.0,1.01,1.0,14.52
0.72,0.0,1.59,2.6,0.0,0.0,0.0,0.0,4.91,0.1,0.0,0.62,0.0,1.4,0.9,0.0,0.0,0.0,0.0,3.02,1.12,0.0,1.0,2.5,1.0,3.62,0.27,0.27,1.0,0.27,1.0,0.81,0.0,0.0,8.2,3.64,1.0,2.27,1.0,0.0,1.0,0.0,1.0,14.11
2.24,2.82,2.47,2.8,0.0,0.0,0.0,0.0,10.33,1.3,0.0,1.12,0.63,0.2,1.2,0.0,0.0,0.0,0.0,4.45,3.88,0.25,1.0,2.75,1.0,6.88,2.32,0.27,1.0,2.45,1.0,5.04,0.0,0.0,13.52,5.26,1.0,3.72,1.0,0.41,1.0,2.43,1.0,25.34
2.39,1.87,2.31,2.52,0.0,0.0,0.0,0.0,9.09,1.1,1.2,0.75,1.6,1.8,1.2,0.0,0.0,0.0,0.0,7.65,3.5,0.5,1.0,4.0,1.0,8.0,4.09,3.82,1.0,1.91,1.0,9.82,0.0,0.0,15.57,4.46,1.0,5.79,1.0,3.31,1.0,2.02,1.0,31.15
0.76,1.98,1.69,1.22,0.0,0.0,0.0,0.0,5.65,0.5,0.8,0.88,0.0,1.0,0.6,0.0,0.0,0.0,0.0,3.78,5.0,0.12,1.0,3.5,1.0,8.62,2.18,0.0,1.0,2.45,1.0,4.63,0.0,0.0,8.4,0.0,1.0,3.93,1.0,1.03,1.0,0.81,1.0,14.17
2.86,2.87,2.31,2.4,0.0,0.0,0.0,0.0,10.44,0.7,0.4,1.0,0.8,0.4,0.2,0.0,0.0,0.0,0.0,3.5,5.0,0.5,1.0,2.5,1.0,8.0,1.36,0.27,1.0,3.95,1.0,5.58,0.0,0.0,11.47,3.64,1.0,4.55,1.0,0.0,1.0,3.64,1.0,23.3
1.48,2.41,2.11,1.99,0.0,0.0,0.0,0.0,7.99,0.1,0.4,0.0,0.4,0.6,1.2,0.0,0.0,0.0,0.0,2.7,5.0,0.12,1.0,4.0,1.0,9.12,3.0,0.55,1.0,3.13,1.0,6.68,0.0,0.0,9.42,6.48,1.0,4.34,1.0,0.83,1.0,2.02,1.0,23.09
2.11,2.92,2.73,3.09,0.0,0.0,0.0,0.0,10.85,0.1,1.0,1.12,1.4,1.8,1.6,0.0,0.0,0.0,0.0,7.02,0.75,0.75,1.0,3.0,1.0,4.5,4.36,2.73,1.0,5.45,1.0,12.54,0.0,0.0,15.16,5.67,1.0,5.99,1.0,3.31,1.0,7.69,1.0,37.82
1.3,0.0,1.46,1.62,0.0,0.0,0.0,0.0,4.38,0.1,0.0,0.88,0.7,0.6,0.2,0.0,0.0,0.0,0.0,2.48,1.25,0.0,1.0,1.25,1.0,2.5,1.64,0.0,1.0,1.91,1.0,3.55,0.0,0.0,8.6,0.0,1.0,0.0,1.0,0.62,1.0,0.0,1.0,9.22
1.35,2.79,2.8,3.13,0.0,0.0,0.0,0.0,10.07,1.2,0.0,1.25,1.03,0.8,1.3,0.0,0.0,0.0,0.0,5.58,4.38,0.25,1.0,4.5,1.0,9.13,5.18,3.27,1.0,1.23,1.0,9.68,0.0,0.0,14.55,6.88,1.0,5.99,1.0,5.37,1.0,4.46,1.0,37.25
2.18,2.9,2.44,2.4,0.0,0.0,0.0,0.0,9.92,2.0,0.6,1.12,0.2,1.6,1.4,0.0,0.0,0.0,0.0,6.92,5.0,0.5,1.0,3.75,1.0,9.25,3.54,0.82,1.0,5.18,1.0,9.54,0.0,0.0,13.93,5.67,1.0,5.99,1.0,0.0,1.0,4.46,1.0,30.05
0.78,2.76,2.24,2.35,0.0,0.0,0.0,0.0,8.13,1.3,1.2,0.38,1.0,1.6,1.4,0.0,0.0,0.0,0.0,6.88,4.75,0.0,1.0,3.5,1.0,8.25,3.82,0.27,1.0,3.95,1.0,8.04,0.0,0.0,13.93,5.26,1.0,3.93,1.0,3.72,1.0,2.96,1.0,29.8
0.93,2.06,2.6,2.84,0.0,0.0,0.0,0.0,8.43,2.0,1.0,1.5,0.4,1.8,1.3,0.0,0.0,0.0,0.0,8.0,4.75,0.0,1.0,3.0,1.0,7.75,4.36,0.27,1.0,4.63,1.0,9.26,0.0,0.0,14.75,0.0,1.0,4.13,1.0,4.96,1.0,5.47,1.0,29.31
2.36,0.0,2.11,2.07,0.0,0.0,0.0,0.0,6.54,0.3,0.0,0.5,0.0,0.0,0.2,0.0,0.0,0.0,0.0,1.0,5.0,0.75,1.0,3.25,1.0,9.0,3.82,0.27,1.0,1.23,1.0,5.32,0.0,0.0,10.86,6.07,1.0,3.51,1.0,0.41,1.0,0.2,1.0,21.05
1.98,2.74,2.89,2.52,0.0,0.0,0.0,0.0,10.13,0.1,0.0,0.62,0.2,0.8,0.2,0.0,0.0,0.0,0.0,1.92,0.38,0.0,1.0,3.0,1.0,3.38,2.72,0.27,1.0,3.13,1.0,6.12,0.0,0.0,9.83,4.05,1.0,2.89,1.0,0.0,1.0,0.81,1.0,17.58
1.24,2.57,2.4,2.72,0.0,0.0,0.0,0.0,8.93,0.7,0.2,1.38,0.0,0.6,1.3,0.0,0.0,0.0,0.0,4.18,1.75,0.0,1.0,2.75,1.0,4.5,2.86,0.55,1.0,1.64,1.0,5.05,0.0,0.0,8.4,4.86,1.0,3.31,1.0,0.0,1.0,1.82,1.0,18.39
0.57,2.52,1.69,2.36,0.0,0.0,0.0,0.0,7.14,0.0,0.4,1.0,0.6,1.3,1.0,0.0,0.0,0.0,0.0,4.3,5.0,0.25,1.0,3.0,1.0,8.25,3.41,0.82,1.0,3.95,1.0,8.18,0.0,0.0,9.22,7.69,1.0,5.17,1.0,1.65,1.0,2.23,1.0,25.96
1.93,2.06,2.86,2.19,0.0,0.0,0.0,0.0,9.04,0.1,0.8,0.25,0.2,0.2,1.0,0.0,0.0,0.0,0.0,2.55,3.75,0.0,1.0,3.25,1.0,7.0,1.64,0.55,1.0,0.68,1.0,2.87,0.0,0.0,6.15,2.43,1.0,1.86,1.0,1.03,1.0,1.01,1.0,12.48
0.72,0.0,1.62,1.79,0.0,0.0,0.0,0.0,4.13,0.1,0.53,0.88,0.0,1.3,0.6,0.0,0.0,0.0,0.0,3.41,4.0,0.0,1.0,3.75,1.0,7.75,1.23,0.27,1.0,2.86,1.0,4.36,0.0,0.0,8.6,4.05,1.0,3.93,1.0,0.41,1.0,1.82,1.0,18.81
3.22,3.09,3.15,3.25,0.0,0.0,0.0,0.0,12.71,2.0,2.0,1.62,1.82,2.0,2.0,0.0,0.0,0.0,0.0,11.44,5.0,4.5,1.0,4.25,1.0,13.75,5.45,4.09,1.0,5.45,1.0,14.99,0.0,0.0,15.98,8.1,1.0,6.2,1.0,3.31,1.0,7.69,1.0,41.28
2.28,2.33,1.69,1.38,0.0,0.0,0.0,0.0,7.68,0.1,0.0,1.38,0.6,1.7,0.2,0.0,0.0,0.0,0.0,3.98,3.75,0.25,1.0,5.0,1.0,9.0,3.54,1.36,1.0,3.95,1.0,8.85,0.0,0.0,12.09,7.69,1.0,3.93,1.0,1.24,1.0,1.94,1.0,26.89
1.2,0.0,2.86,2.72,0.0,0.0,0.0,0.0,6.78,0.3,0.0,0.0,0.8,1.0,1.2,0.0,0.0,0.0,0.0,3.3,4.75,0.5,1.0,3.75,1.0,9.0,4.36,1.09,1.0,3.54,1.0,8.99,0.0,0.0,14.34,5.67,1.0,4.55,1.0,2.69,1.0,3.24,1.0,30.49
1.09,2.38,2.89,2.97,0.0,0.0,0.0,0.0,9.33,0.84,0.0,0.62,1.0,0.1,1.4,0.0,0.0,0.0,0.0,3.96,2.25,0.0,1.0,3.25,1.0,5.5,4.09,1.09,1.0,2.45,1.0,7.63,0.0,0.0,14.75,3.64,1.0,4.13,1.0,1.34,1.0,1.21,1.0,25.07
1.88,1.83,1.53,0.0,0.0,0.0,0.0,0.0,5.24,1.3,0.0,0.75,1.0,0.0,0.6,0.0,0.0,0.0,0.0,3.65,2.75,0.25,1.0,3.75,1.0,6.75,5.18,0.27,1.0,1.64,1.0,7.09,0.0,0.0,15.16,2.02,1.0,4.75,1.0,0.41,1.0,1.01,1.0,23.35
1.46,2.46,1.4,0.0,0.0,0.0,0.0,0.0,5.32,0.4,1.0,0.88,0.0,0.3,1.0,0.0,0.0,0.0,0.0,3.58,5.0,0.25,1.0,0.25,1.0,5.5,5.45,0.0,1.0,2.45,1.0,7.9,0.0,0.0,15.57,2.83,1.0,0.83,1.0,1.24,1.0,0.81,1.0,21.28
1.6,1.14,1.3,2.03,0.0,0.0,0.0,0.0,6.07,0.9,0.0,1.0,1.0,0.34,0.0,0.0,0.0,0.0,0.0,3.24,1.5,0.0,1.0,3.5,1.0,5.0,4.09,0.0,1.0,0.55,1.0,4.64,0.0,0.0,6.15,4.46,1.0,2.07,1.0,1.45,1.0,0.81,1.0,14.94
1.01,2.46,2.24,0.0,0.0,0.0,0.0,0.0,5.71,0.7,0.0,1.12,0.8,0.4,0.2,0.0,0.0,0.0,0.0,3.22,1.25,0.12,1.0,3.0,1.0,4.37,1.64,0.95,1.0,3.95,1.0,6.54,0.0,0.0,12.29,2.02,1.0,3.1,1.0,0.21,1.0,0.61,1.0,18.23
1.6,2.03,2.57,0.0,0.0,0.0,0.0,0.0,6.2,1.0,0.0,1.0,1.2,0.34,1.7,0.0,0.0,0.0,0.0,5.24,4.25,0.25,1.0,5.0,1.0,9.5,0.82,0.27,1.0,3.95,1.0,5.04,0.0,0.0,10.24,6.48,1.0,2.27,1.0,1.65,1.0,2.23,1.0,22.87
1.84,1.76,2.83,2.84,0.0,0.0,0.0,0.0,9.27,1.0,0.8,0.88,1.2,0.6,0.8,0.0,0.0,0.0,0.0,5.28,4.0,0.0,1.0,3.5,1.0,7.5,4.63,0.27,1.0,1.77,1.0,6.67,0.0,0.0,5.74,3.64,1.0,2.48,1.0,0.41,1.0,3.85,1.0,16.12
1.24,1.62,1.66,0.0,0.0,0.0,0.0,0.0,4.52,0.3,0.0,0.62,0.0,0.34,1.6,0.0,0.0,0.0,0.0,2.86,1.62,0.25,1.0,1.75,1.0,3.62,2.18,0.27,1.0,1.91,1.0,4.36,0.0,0.0,7.99,1.21,1.0,0.0,1.0,0.0,1.0,0.0,1.0,9.2
1.12,2.14,1.82,2.76,0.0,0.0,0.0,0.0,7.84,0.7,1.0,0.25,0.0,0.0,0.4,0.0,0.0,0.0,0.0,2.35,2.25,0.0,1.0,2.5,1.0,4.75,0.27,0.55,1.0,3.82,1.0,4.64,0.0,0.0,12.7,6.88,1.0,2.48,1.0,1.03,1.0,2.02,1.0,25.11
2.34,0.0,2.76,3.17,0.0,0.0,0.0,0.0,8.27,1.2,0.6,0.62,0.0,1.2,0.4,0.0,0.0,0.0,0.0,4.02,5.0,3.5,1.0,3.75,1.0,12.25,4.36,1.91,1.0,5.31,1.0,11.58,0.0,0.0,15.57,6.07,1.0,4.75,1.0,3.62,1.0,3.04,1.0,33.05
1.1,2.33,1.76,2.03,0.0,0.0,0.0,0.0,7.22,0.8,0.0,0.75,1.0,0.0,0.2,0.0,0.0,0.0,0.0,2.75,3.25,0.25,1.0,3.0,1.0,6.5,3.54,0.27,1.0,3.13,1.0,6.94,0.0,0.0,13.11,4.46,1.0,5.17,1.0,1.45,1.0,2.83,1.0,27.02
1.56,2.68,1.79,1.95,0.0,0.0,0.0,0.0,7.98,1.0,1.2,1.12,1.4,0.0,0.4,0.0,0.0,0.0,0.0,5.12,4.25,0.12,1.0,4.75,1.0,9.12,1.64,1.09,1.0,3.13,1.0,5.86,0.0,0.0,12.29,4.05,1.0,5.58,1.0,0.0,1.0,2.63,1.0,24.55
1.76,2.38,0.88,2.72,0.0,0.0,0.0,0.0,7.74,0.8,0.8,1.62,0.72,0.6,0.4,0.0,0.0,0.0,0.0,4.94,3.0,0.12,1.0,2.25,1.0,5.37,1.91,0.27,1.0,0.14,1.0,2.32,0.0,0.0,9.83,0.81,1.0,0.21,1.0,0.0,1.0,0.0,1.0,10.85
2.05,2.14,2.54,1.83,0.0,0.0,0.0,0.0,8.56,1.4,0.6,1.12,1.4,0.3,0.67,0.0,0.0,0.0,0.0,5.49,5.0,0.38,1.0,2.0,1.0,7.38,3.54,2.45,1.0,4.09,1.0,10.08,0.0,0.0,13.52,4.86,1.0,5.58,1.0,5.37,1.0,3.44,1.0,32.77
2.65,2.84,2.63,3.17,0.0,0.0,0.0,0.0,11.29,1.1,0.0,1.62,1.4,1.2,1.0,0.0,0.0,0.0,0.0,6.32,3.5,0.5,1.0,3.5,1.0,7.5,5.18,1.36,1.0,5.31,1.0,11.85,0.0,0.0,15.98,8.1,1.0,5.99,1.0,2.07,1.0,6.56,1.0,38.7
2.68,2.14,2.47,2.36,0.0,0.0,0.0,0.0,9.65,2.0,1.2,1.12,1.9,0.6,1.0,0.0,0.0,0.0,0.0,7.82,5.0,0.12,1.0,3.25,1.0,8.37,5.18,0.95,1.0,5.45,1.0,11.58,0.0,0.0,15.57,5.26,1.0,6.2,1.0,2.48,1.0,6.48,1.0,35.99
1.71,2.57,2.44,0.0,0.0,0.0,0.0,0.0,6.72,1.2,0.4,0.88,0.6,0.1,0.0,0.0,0.0,0.0,0.0,3.18,0.75,0.0,1.0,3.25,1.0,4.0,4.09,0.55,1.0,3.54,1.0,8.18,0.0,0.0,12.7,3.64,1.0,4.13,1.0,0.41,1.0,1.62,1.0,22.5
1.59,2.63,2.86,2.97,0.0,0.0,0.0,0.0,10.05,0.7,1.0,1.12,1.2,0.6,1.0,0.0,0.0,0.0,0.0,5.62,4.0,0.0,1.0,2.0,1.0,6.0,3.54,0.27,1.0,3.68,1.0,7.49,0.0,0.0,15.16,2.83,1.0,3.1,1.0,1.03,1.0,1.82,1.0,23.94
1.45,2.11,0.0,1.91,0.0,0.0,0.0,0.0,5.47,1.1,0.0,0.88,0.0,0.0,0.0,0.0,0.0,0.0,0.0,1.98,5.0,0.25,1.0,1.5,1.0,6.75,0.0,0.82,1.0,3.82,1.0,4.64,0.0,0.0,9.01,4.05,1.0,4.13,1.0,0.0,1.0,1.62,1.0,18.81
1.09,2.09,1.36,2.03,0.0,0.0,0.0,0.0,6.57,0.0,0.0,0.62,0.4,0.2,0.6,0.0,0.0,0.0,0.0,1.82,2.25,0.0,1.0,2.5,1.0,4.75,2.18,0.0,1.0,2.45,1.0,4.63,0.0,0.0,6.97,3.24,1.0,3.72,1.0,0.93,1.0,0.61,1.0,15.47
1.82,2.14,3.12,2.97,0.0,0.0,0.0,0.0,10.05,1.5,0.0,1.62,1.6,1.5,0.67,0.0,0.0,0.0,0.0,6.89,4.75,0.25,1.0,3.5,1.0,8.5,5.18,3.82,1.0,5.31,1.0,14.31,0.0,0.0,15.98,6.07,1.0,6.2,1.0,1.65,1.0,6.48,1.0,36.38
2.65,2.38,2.02,0.0,0.0,0.0,0.0,0.0,7.05,0.6,0.2,0.88,0.4,0.0,1.3,0.0,0.0,0.0,0.0,3.38,3.25,0.0,1.0,2.75,1.0,6.0,1.36,0.95,1.0,2.32,1.0,4.63,0.0,0.0,8.2,2.02,1.0,3.51,1.0,0.21,1.0,1.82,1.0,15.76
1.5,2.09,1.59,2.03,0.0,0.0,0.0,0.0,7.21,1.0,0.4,0.62,1.0,0.1,1.2,0.0,0.0,0.0,0.0,4.32,0.75,0.25,1.0,3.0,1.0,4.0,1.09,0.0,1.0,2.45,1.0,3.54,0.0,0.0,8.6,5.26,1.0,3.72,1.0,2.48,1.0,2.83,1.0,22.89
1.2,0.0,2.96,2.92,0.0,0.0,0.0,0.0,7.08,0.0,0.0,0.62,1.2,0.6,0.6,0.0,0.0,0.0,0.0,3.02,2.75,0.0,1.0,3.75,1.0,6.5,3.27,0.82,1.0,3.95,1.0,8.04,0.0,0.0,13.52,4.46,1.0,3.72,1.0,1.24,1.0,4.46,1.0,27.4
1.56,2.28,2.18,2.07,0.0,0.0,0.0,0.0,8.09,1.3,0.0,1.0,0.0,0.0,0.6,0.0,0.0,0.0,0.0,2.9,4.0,0.0,1.0,2.75,1.0,6.75,3.27,0.27,1.0,1.23,1.0,4.77,0.0,0.0,13.93,2.83,1.0,4.55,1.0,2.48,1.0,1.42,1.0,25.21
0.52,2.03,2.5,2.8,0.0,0.0,0.0,0.0,7.85,0.0,0.0,0.88,1.0,0.1,0.2,0.0,0.0,0.0,0.0,2.18,2.0,0.0,1.0,3.5,1.0,5.5,0.55,0.55,1.0,1.64,1.0,2.74,0.0,0.0,7.79,1.21,1.0,1.24,1.0,0.0,1.0,0.2,1.0,10.44
2.58,1.92,2.44,2.88,0.0,0.0,0.0,0.0,9.82,1.4,0.0,0.88,1.0,1.0,1.8,0.0,0.0,0.0,0.0,6.08,5.0,0.5,1.0,2.75,1.0,8.25,3.82,0.27,1.0,4.63,1.0,8.72,0.0,0.0,15.16,4.05,1.0,5.58,1.0,6.2,1.0,4.05,1.0,35.04
2.0,0.0,2.76,2.76,0.0,0.0,0.0,0.0,7.52,1.0,0.2,1.12,0.6,0.7,0.8,0.0,0.0,0.0,0.0,4.42,4.38,0.25,1.0,3.25,1.0,7.88,3.27,2.32,1.0,4.63,1.0,10.22,0.0,0.0,14.75,7.29,1.0,5.58,1.0,3.72,1.0,3.36,1.0,34.7
0.86,0.0,2.08,1.5,0.0,0.0,0.0,0.0,4.44,0.0,0.0,0.62,0.4,0.1,0.8,0.0,0.0,0.0,0.0,1.92,1.25,0.0,1.0,2.5,1.0,3.75,1.36,0.68,1.0,3.95,1.0,5.99,0.0,0.0,9.83,3.24,1.0,0.83,1.0,0.0,1.0,0.81,1.0,14.71
1.97,0.0,3.02,2.28,0.0,0.0,0.0,0.0,7.27,1.1,1.4,0.5,0.6,0.8,0.6,0.0,0.0,0.0,0.0,5.0,5.0,0.25,1.0,3.5,1.0,8.75,3.27,2.18,1.0,3.27,1.0,8.72,0.0,0.0,14.75,2.02,1.0,6.2,1.0,3.51,1.0,4.05,1.0,30.53
1.04,1.87,2.21,2.72,0.0,0.0,0.0,0.0,7.84,1.0,0.0,0.62,0.0,0.0,0.0,0.0,0.0,0.0,0.0,1.62,1.25,0.0,1.0,0.0,1.0,1.25,0.82,0.82,1.0,0.82,1.0,2.46,0.0,0.0,11.88,4.05,1.0,1.65,1.0,0.62,1.0,1.01,1.0,19.21
1.2,2.74,2.63,2.88,0.0,0.0,0.0,0.0,9.45,1.4,1.2,1.12,1.6,1.5,0.2,0.0,0.0,0.0,0.0,7.02,5.0,3.0,1.0,3.0,1.0,11.0,4.63,2.59,1.0,5.45,1.0,12.67,0.0,0.0,15.98,6.48,1.0,5.37,1.0,5.37,1.0,6.07,1.0,39.27
1.5,1.81,2.6,2.88,0.0,0.0,0.0,0.0,8.79,0.0,0.0,1.25,0.0,0.34,0.4,0.0,0.0,0.0,0.0,1.99,3.0,0.25,1.0,3.25,1.0,6.5,4.09,0.27,1.0,4.36,1.0,8.72,0.0,0.0,11.06,7.69,1.0,4.55,1.0,2.69,1.0,4.05,1.0,30.04
1.3,0.0,1.79,2.52,0.0,0.0,0.0,0.0,5.61,1.0,1.2,0.5,1.0,0.0,1.6,0.0,0.0,0.0,0.0,5.3,4.0,0.25,1.0,3.0,1.0,7.25,4.36,0.0,1.0,2.86,1.0,7.22,0.0,0.0,12.29,4.86,1.0,3.1,1.0,0.62,1.0,1.21,1.0,22.08
1.71,2.33,1.33,1.14,0.0,0.0,0.0,0.0,6.51,1.0,0.2,0.75,0.0,0.0,0.0,0.0,0.0,0.0,0.0,1.95,4.75,0.5,1.0,4.0,1.0,9.25,2.18,0.55,1.0,2.18,1.0,4.91,0.0,0.0,7.79,4.05,1.0,0.0,1.0,0.52,1.0,0.0,1.0,12.36
1.62,2.57,2.66,2.97,0.0,0.0,0.0,0.0,9.82,0.0,0.0,1.12,0.0,0.34,0.67,0.0,0.0,0.0,0.0,2.13,1.75,0.0,1.0,3.0,1.0,4.75,2.72,0.0,1.0,1.36,1.0,4.08,0.0,0.0,7.79,2.43,1.0,0.83,1.0,0.41,1.0,1.01,1.0,12.47
2.0,2.6,3.02,3.01,0.0,0.0,0.0,0.0,10.63,0.9,0.0,1.25,1.4,0.3,0.2,0.0,0.0,0.0,0.0,4.05,3.5,0.75,1.0,3.5,1.0,7.75,1.36,2.59,1.0,2.04,1.0,5.99,0.0,0.0,15.57,5.67,1.0,4.13,1.0,4.75,1.0,2.83,1.0,32.95
1.98,1.9,0.98,2.4,0.0,0.0,0.0,0.0,7.26,1.1,0.0,1.0,1.0,0.4,0.3,0.0,0.0,0.0,0.0,3.8,3.5,0.0,1.0,3.25,1.0,6.75,4.36,0.0,1.0,3.95,1.0,8.31,0.0,0.0,8.4,3.24,1.0,3.31,1.0,0.62,1.0,1.21,1.0,16.78
1.79,2.65,1.46,2.68,0.0,0.0,0.0,0.0,8.58,1.0,0.0,0.88,1.6,0.1,1.0,0.0,0.0,0.0,0.0,4.58,3.5,0.5,1.0,3.75,1.0,7.75,4.36,1.23,1.0,5.45,1.0,11.04,0.0,0.0,13.11,5.67,1.0,3.51,1.0,3.72,1.0,2.02,1.0,28.03
1.79,2.52,2.14,0.0,0.0,0.0,0.0,0.0,6.45,1.6,0.4,0.88,0.8,0.3,0.6,0.0,0.0,0.0,0.0,4.58,3.0,0.25,1.0,4.5,1.0,7.75,3.82,0.27,1.0,5.31,1.0,9.4,0.0,0.0,14.75,8.1,1.0,4.96,1.0,1.03,1.0,2.63,1.0,31.47
1.22,0.0,1.69,2.32,0.0,0.0,0.0,0.0,5.23,0.0,0.0,0.38,0.0,0.0,0.3,0.0,0.0,0.0,0.0,0.68,2.5,0.0,1.0,2.0,1.0,4.5,1.91,0.0,1.0,0.55,1.0,2.46,0.0,0.0,4.1,0.4,1.0,1.03,1.0,0.52,1.0,0.0,1.0,6.05
2.1,2.14,2.24,2.76,0.0,0.0,0.0,0.0,9.24,2.0,0.0,1.0,0.0,0.4,1.4,0.0,0.0,0.0,0.0,4.8,4.5,0.12,1.0,3.0,1.0,7.62,3.0,0.27,1.0,4.9,1.0,8.17,0.0,0.0,15.16,3.64,1.0,3.1,1.0,0.83,1.0,2.02,1.0,24.75
1.6,2.36,2.11,0.0,0.0,0.0,0.0,0.0,6.07,1.0,0.0,0.88,1.0,0.1,0.9,0.0,0.0,0.0,0.0,3.88,1.75,0.25,1.0,3.5,1.0,5.5,2.18,0.14,1.0,1.09,1.0,3.41,0.0,0.0,7.58,6.07,1.0,3.72,1.0,0.83,1.0,1.42,1.0,19.62
1.4,1.95,0.0,2.32,0.0,0.0,0.0,0.0,5.67,0.0,0.0,0.75,0.9,0.0,0.0,0.0,0.0,0.0,0.0,1.65,2.75,0.25,1.0,2.5,1.0,5.5,1.09,0.55,1.0,2.59,1.0,4.23,0.0,0.0,11.06,4.05,1.0,3.1,1.0,1.03,1.0,1.62,1.0,20.86
1.28,1.83,0.0,0.0,0.0,0.0,0.0,0.0,3.11,0.0,0.0,1.0,0.0,0.0,0.0,0.0,0.0,0.0,0.0,1.0,1.0,0.0,1.0,3.5,1.0,4.5,0.0,0.0,1.0,0.0,1.0,0.0,0.0,0.0,3.48,3.64,1.0,0.0,1.0,0.0,1.0,0.0,1.0,7.12
2.36,2.44,2.66,2.92,0.0,0.0,0.0,0.0,10.38,2.0,1.2,0.38,1.6,0.5,1.0,0.0,0.0,0.0,0.0,6.68,2.25,1.0,1.0,4.0,1.0,7.25,3.82,2.73,1.0,3.95,1.0,10.5,0.0,0.0,15.16,4.46,1.0,5.17,1.0,2.48,1.0,3.04,1.0,30.31
0.0,1.83,2.08,2.03,0.0,0.0,0.0,0.0,5.94,1.0,0.0,0.38,0.0,0.34,0.67,0.0,0.0,0.0,0.0,2.39,4.0,0.12,1.0,3.25,1.0,7.37,1.91,0.0,1.0,0.82,1.0,2.73,0.0,0.0,6.35,3.64,1.0,0.0,1.0,0.41,1.0,0.0,1.0,10.4
2.29,2.49,2.37,2.48,0.0,0.0,0.0,0.0,9.63,0.3,1.4,0.75,0.0,0.2,0.8,0.0,0.0,0.0,0.0,3.45,4.5,0.5,1.0,3.25,1.0,8.25,4.63,0.55,1.0,1.91,1.0,7.09,0.0,0.0,14.34,2.83,1.0,5.79,1.0,2.07,1.0,3.24,1.0,28.27
1.35,0.0,2.86,2.92,0.0,0.0,0.0,0.0,7.13,1.2,0.4,0.75,0.0,0.0,0.6,0.0,0.0,0.0,0.0,2.95,4.88,0.5,1.0,3.25,1.0,8.63,3.27,0.82,1.0,1.5,1.0,5.59,0.0,0.0,14.75,2.02,1.0,3.93,1.0,1.86,1.0,0.61,1.0,23.17
1.04,2.6,2.5,2.68,0.0,0.0,0.0,0.0,8.82,0.0,0.0,0.88,1.2,0.5,0.67,0.0,0.0,0.0,0.0,3.25,4.25,0.12,1.0,2.75,1.0,7.12,3.54,0.27,1.0,4.36,1.0,8.17,0.0,0.0,13.52,2.43,1.0,5.58,1.0,0.83,1.0,1.82,1.0,24.18
1.41,0.0,2.44,2.88,0.0,0.0,0.0,0.0,6.73,0.0,0.4,0.38,0.4,0.1,0.8,0.0,0.0,0.0,0.0,2.08,3.5,0.5,1.0,2.5,1.0,6.5,3.27,0.41,1.0,4.09,1.0,7.77,0.0,0.0,10.86,3.24,1.0,3.31,1.0,3.1,1.0,3.04,1.0,23.55
